,CMCSA.O,AMGN.O,INTU.O,CSGP.O,CPRT.O,AMAT.O,ODFL.O,COST.O,AEP.O,MNST.O,EXC.O,BIIB.O,CSX.O,FAST.O,INTC.O,CSCO.O,MCHP.O,MAR.O,KLAC.O,CCEP.O,HON.O,ASML.O,CTAS.O,ADP.O,AZN.O,MSFT.O,BKNG.O,ADI.O,AMD.O,IDXX.O,CDNS.O,ADBE.O,EA.O,CTSH.O,ADSK.O,AMZN.O,GILD.O,AAPL.O,LRCX.O
2024-04-01,0.10267744962910202,0.0,1.9571171033688534e-11,0.10748503166941407,0.4868650781764145,6.578408625567387e-12,1.940110235754632e-11,6.1148307410594286e-12,0.0,0.0,0.12643964540909766,1.2178856462883203e-11,1.5607320959810922e-11,0.0,2.7033725619368448e-11,0.0,1.98782808510356e-11,0.0,2.117606434544068e-11,0.0,0.0,2.6971487623002398e-11,1.2620899958739012e-10,0.0,0.09237797686545712,0.0,0.0841548180524406,2.5299700194254902e-11,1.5844834225261346e-11,0.0,2.67597580277609e-13,8.535540946730171e-13,3.1876018489045165e-12,0.0,1.4193225151655422e-11,0.0,0.0,0.0,5.452685018286156e-12
2024-04-02,0.1031131795431388,0.0,1.932087501950751e-11,0.10680664603523479,0.4838716702920404,6.5496211095892766e-12,1.9419011577436733e-11,6.0793248471543876e-12,0.0,0.0,0.12866040524018185,1.1866441702263137e-11,1.5618034427905186e-11,0.0,2.6897301100738263e-11,0.0,1.9646021766904638e-11,0.0,2.0838311298361517e-11,0.0,0.0,2.6471078623042143e-11,1.2633224130105945e-10,0.0,0.09277882475062059,0.0,0.08476927377546084,2.527859082059781e-11,1.5568720840839105e-11,0.0,2.647747927266851e-13,8.555209735043673e-13,3.1847012102473386e-12,0.0,1.3716247410102902e-11,0.0,0.0,0.0,5.4158218434835585e-12
2024-04-03,0.10236133227736223,0.0,1.9198679818752042e-11,0.10697185532137754,0.4845956843639473,6.586034046384669e-12,1.9700421898894365e-11,6.027767498956427e-12,0.0,0.0,0.12731741042670397,1.1787374595452976e-11,1.5570210063486657e-11,0.0,2.4672710424665367e-11,0.0,1.966996997111773e-11,0.0,2.0933880302714144e-11,0.0,0.0,2.6826321562926943e-11,1.2683770739889782e-10,0.0,0.09246034794976797,0.0,0.08629336929859936,2.532568630767805e-11,1.573963744893259e-11,0.0,2.6826131490425605e-13,8.512409328934818e-13,3.191706441885484e-12,0.0,1.3579616368831521e-11,0.0,0.0,0.0,5.474353367735523e-12
2024-04-04,0.1032304310483495,0.0,1.9505494174556928e-11,0.10716141071353706,0.47967592528238606,6.580713186813681e-12,1.9908158268249233e-11,6.134002981914133e-12,0.0,0.0,0.1297450389640504,1.1946060006784258e-11,1.5732166618317434e-11,0.0,2.476244192352828e-11,0.0,1.961220254954163e-11,0.0,2.0569645993239158e-11,0.0,0.0,2.658161615781691e-11,1.2649179262926617e-10,0.0,0.09494529081871875,0.0,0.0852419028116022,2.5351283878760616e-11,1.4710171381479868e-11,0.0,2.696950451635464e-13,8.499642956938944e-13,3.1790599484749293e-12,0.0,1.374666880395623e-11,0.0,0.0,0.0,5.424804481846769e-12
2024-04-05,0.10144681480082778,0.0,1.9715326141227432e-11,0.10924020265846254,0.4806936781873169,6.642755064859863e-12,2.0251708129723645e-11,6.134956745234126e-12,0.0,0.0,0.12857115618310494,1.1717741397721054e-11,1.561716736196961e-11,0.0,2.3831584584580572e-11,0.0,1.9666501496280697e-11,0.0,2.062276573568636e-11,0.0,0.0,2.697634656314206e-11,1.2667058350573639e-10,0.0,0.09393709267137455,0.0,0.08611105513743546,2.5407764277956074e-11,1.4932414490692087e-11,0.0,2.6773465497738805e-13,8.361374212854061e-13,3.1578660635394275e-12,0.0,1.3574633561924874e-11,0.0,0.0,0.0,5.453889146266452e-12
2024-04-08,1.1367014073095057e-12,3.4105368720613056e-13,0.0,0.23541847605655605,1.0149914042684589e-12,0.0,0.0,0.0,1.979377782181351e-12,9.354263144854616e-14,2.3685332925041875e-12,0.0,0.0,1.3931425510864729e-13,0.0,1.150753538888899e-12,0.0,7.583324436478272e-13,0.0,1.358173414284015e-12,6.126430664906525e-13,0.0,0.0,9.473510138441103e-13,0.2700115033342665,0.19073645559161725,7.798606209519975e-13,0.0,0.0,0.0,1.1731447090654557e-12,0.0,8.290135972168677e-13,4.612691009602502e-13,0.0,0.3038335650513975,0.0,1.4364462246091097e-12,0.0
2024-04-09,1.1121110967293034e-12,3.397875489085659e-13,0.0,0.2371817821688476,1.0142197464463908e-12,0.0,0.0,0.0,1.982442080585229e-12,9.296224757054289e-14,2.3552129165468774e-12,0.0,0.0,1.3821975204206318e-13,0.0,1.1834480648453114e-12,0.0,7.53043573022664e-13,0.0,1.3406711509842373e-12,6.097473981071067e-13,0.0,0.0,9.526253230167251e-13,0.2706640137968436,0.18996615521096533,7.694018517707602e-13,0.0,0.0,0.0,1.1649718172869003e-12,0.0,8.267572056187784e-13,4.608046166743409e-13,0.0,0.30218804880681155,0.0,1.4352935923318856e-12,0.0
2024-04-10,1.1164668655747198e-12,3.398245274736841e-13,0.0,0.22801139732367923,1.0172324399335634e-12,0.0,0.0,0.0,1.9694268876098e-12,9.274607081495665e-14,2.3294472949928726e-12,0.0,0.0,1.381196284459071e-13,0.0,1.181733884748449e-12,0.0,7.624086957213045e-13,0.0,1.3390426657760428e-12,6.101550711411626e-13,0.0,0.0,9.503923362655607e-13,0.27346124201917127,0.19140905437990782,7.817910606353543e-13,0.0,0.0,0.0,1.1563052028032777e-12,0.0,8.300574079837848e-13,4.572274942781941e-13,0.0,0.30711830626072895,0.0,1.4402896852432095e-12,0.0
2024-04-11,1.1083283373779663e-12,3.3826513050674954e-13,0.0,0.22926850163311094,9.987161582483739e-13,0.0,0.0,0.0,1.9257876009442738e-12,9.097365347165977e-14,2.2814509312515684e-12,0.0,0.0,1.268556089743974e-13,0.0,1.1683934719583004e-12,0.0,7.612987408546295e-13,0.0,1.3245426465272856e-12,6.031070213100439e-13,0.0,0.0,9.283888717729396e-13,0.2739123551454725,0.19010014763896324,7.790517668985733e-13,0.0,0.0,0.0,1.1564132933982857e-12,0.0,8.146280415050966e-13,4.5299671390541354e-13,0.0,0.30671899556611826,0.0,1.4760512448075683e-12,0.0
2024-04-12,1.104205384797944e-12,3.401365535088863e-13,0.0,0.22673401625673864,1.0032296927992787e-12,0.0,0.0,0.0,1.9370373949890163e-12,9.288064224590635e-14,2.2972672447710266e-12,0.0,0.0,1.2990658089637097e-13,0.0,1.1618935872378674e-12,0.0,7.508989043854466e-13,0.0,1.342451814799758e-12,6.104058298889076e-13,0.0,0.0,9.408260266433076e-13,0.2761474436788801,0.19037618629928696,7.682607050583094e-13,0.0,0.0,0.0,1.1585457030387832e-12,0.0,8.192077258673844e-13,4.5159673999696903e-13,0.0,0.30674235374867337,0.0,1.5122556974648447e-12,0.0
2024-04-15,2.5781397148495088e-14,0.0,0.0,6.4280749690183865e-12,0.0,0.0,0.00914359054900407,0.0,0.0,0.0,0.0,3.670593016776607e-12,0.0,0.0,6.910357963799887e-12,0.0,6.507988934316087e-12,0.0,2.91510432368195e-12,0.0,0.0,2.215872543449078e-12,7.900561538179761e-11,0.0,0.3185991635727054,0.0,0.0,4.023800254315112e-12,1.308084894464076e-11,1.1542696028465675e-14,0.0,0.0,0.0,7.116012851926797e-13,1.1963255707800265e-12,0.6722572455759349,7.774324191870856e-13,0.0,2.2399298428796932e-10
2024-04-16,2.566163679730837e-14,0.0,0.0,6.357557687100153e-12,0.0,0.0,0.009195341012370878,0.0,0.0,0.0,0.0,3.651619616217291e-12,0.0,0.0,6.923216797468086e-12,0.0,6.546612441962221e-12,0.0,2.988435939091235e-12,0.0,0.0,2.274511335485079e-12,7.948117857209967e-11,0.0,0.31746965336946664,0.0,0.0,4.056787959067887e-12,1.3380290939357295e-11,1.15395790751183e-14,0.0,0.0,0.0,7.087957492575254e-13,1.1929912752062158e-12,0.6733350052610173,7.748877115628804e-13,0.0,2.2877105673458564e-10
2024-04-17,2.574794027081051e-14,0.0,0.0,6.338645723738426e-12,0.0,0.0,0.008851025621035388,0.0,0.0,0.0,0.0,3.6197928335718597e-12,0.0,0.0,6.858177601470816e-12,0.0,6.524571618033588e-12,0.0,2.8595156010175434e-12,0.0,0.0,2.127316590538658e-12,8.024846024800995e-11,0.0,0.32084007197809505,0.0,0.0,4.045561361646264e-12,1.2692142261195755e-11,1.1348143478823772e-14,0.0,0.0,0.0,7.094540889488018e-13,1.1309049130712098e-12,0.6703089020547832,7.756820797509422e-13,0.0,2.1811898130111938e-10
2024-04-18,2.6389302408941932e-14,0.0,0.0,6.297478492918462e-12,0.0,0.0,0.0088006330094227,0.0,0.0,0.0,0.0,3.6198075341126876e-12,0.0,0.0,6.793164952183268e-12,0.0,6.5142349472220785e-12,0.0,2.8195423411446055e-12,0.0,0.0,2.1017132011201348e-12,8.020464660075949e-11,0.0,0.3228004327592925,0.0,0.0,4.040552425112403e-12,1.2889550890245726e-11,1.1435105012088799e-14,0.0,0.0,0.0,7.112201754824932e-13,1.1178760910182512e-12,0.6683989338889951,7.733616118284688e-13,0.0,2.1436885414173138e-10
2024-04-19,2.7239501917626615e-14,0.0,0.0,6.4062956531009985e-12,0.0,0.0,0.009116356194376537,0.0,0.0,0.0,0.0,3.753394695327839e-12,0.0,0.0,6.738479634531592e-12,0.0,6.421599721339849e-12,0.0,2.7941032244652276e-12,0.0,0.0,2.0651465641607767e-12,8.137156855592016e-11,0.0,0.32897830955227414,0.0,0.0,4.014085013274799e-12,1.2386887590510439e-11,1.1586626892214125e-14,0.0,0.0,0.0,7.261606876227092e-13,1.1677747803681682e-12,0.6619053339113817,7.931059234589121e-13,0.0,2.1329014633606693e-10
2024-04-22,5.794135679204207e-12,3.3835964342551007e-12,0.0,0.0,3.1225028282551715e-12,0.0,4.551499354229191e-12,7.353926337136533e-12,9.244946080631458e-12,2.8335612215757612e-12,0.09550281585633819,0.0,2.4266206176389278e-12,9.981734747148179e-12,0.0,3.6105283623225393e-12,0.0,0.0,0.0,8.25027211753324e-12,2.7494984524069193e-12,0.0,0.0,7.583916433290995e-12,0.9044971882214856,3.003217187974757e-12,1.919876421487588e-12,0.0,0.0,0.0,0.0,8.25540348237495e-12,7.895482214322491e-12,0.0,0.0,5.848265171399548e-12,7.117833556395384e-14,0.0,0.0
2024-04-23,5.712688065133874e-12,3.3734938387398353e-12,0.0,0.0,3.153269819837736e-12,0.0,4.674811130458225e-12,7.361827771208681e-12,9.233644887453391e-12,2.815077471679937e-12,0.0943738864154997,0.0,2.4119052129779586e-12,9.901429026269549e-12,0.0,3.591677223212276e-12,0.0,0.0,0.0,8.180172887344696e-12,2.7330349822243638e-12,0.0,0.0,7.53238885986592e-12,0.905626113486802,3.0254752247948473e-12,1.9417432300896177e-12,0.0,0.0,0.0,0.0,8.287026851923648e-12,7.826231360427492e-12,0.0,0.0,5.871603754070378e-12,7.062722881393843e-14,0.0,0.0
2024-04-24,5.663132663444849e-12,3.3502016103955234e-12,0.0,0.0,3.1733957790801453e-12,0.0,4.137772187322142e-12,7.337455893637605e-12,9.274673315089348e-12,2.832347430255203e-12,0.09442925225532685,0.0,2.32732452155365e-12,9.943159656631097e-12,0.0,3.576021841843078e-12,0.0,0.0,0.0,8.201866670990285e-12,2.7004410719862906e-12,0.0,0.0,7.48791985164355e-12,0.9055707476477384,3.0214242801454095e-12,1.923075646993411e-12,0.0,0.0,0.0,0.0,8.319368532842103e-12,7.848533283938425e-12,0.0,0.0,5.7463878417940905e-12,7.03281689178872e-14,0.0,0.0
2024-04-25,5.087159936179749e-12,3.152936040775678e-12,0.0,0.0,3.042765386937053e-12,0.0,3.978980541406041e-12,6.9900430248442595e-12,8.896372335582427e-12,2.642819564297335e-12,0.08980433593959192,0.0,2.243536825128289e-12,9.539789108688861e-12,0.0,3.393174424728966e-12,0.0,0.0,0.0,7.966688627710391e-12,2.5522768579632156e-12,0.0,0.0,7.134160331460574e-12,0.9101956639683828,2.8112440995030236e-12,1.826387310355167e-12,0.0,0.0,0.0,0.0,7.873813312184106e-12,7.437444314341847e-12,0.0,0.0,5.390276663409274e-12,6.526905024723576e-14,0.0,0.0
2024-04-26,5.1765977923585894e-12,3.1571564439886457e-12,0.0,0.0,3.068144469588749e-12,0.0,3.687592552464307e-12,7.054663729837228e-12,8.724753215626664e-12,2.651405448640081e-12,0.08891464984599073,0.0,2.238912469873931e-12,9.53552559428914e-12,0.0,3.3732497758947972e-12,0.0,0.0,0.0,8.022457007928536e-12,2.5556942905928724e-12,0.0,0.0,7.0332165046223606e-12,0.9110853500619995,2.859993343030582e-12,1.8344581427592188e-12,0.0,0.0,0.0,0.0,7.935290065271248e-12,7.465286004787683e-12,0.0,0.0,5.570005725856035e-12,6.53610345346991e-14,0.0,0.0
2024-04-29,3.7320358001166187e-14,2.5845305957869916e-14,6.145969226170273e-14,0.0,1.4548593024789764e-14,0.0,0.0,1.382360629095124e-13,1.5326467104817228e-13,1.7640547425523106e-14,1.551250321321495e-13,1.6433963550827023e-14,2.93157207890538e-14,0.0,0.0,5.149050021992978e-14,0.0,1.3603095413127811e-14,0.0,1.642822499170554e-13,7.747939406669533e-14,0.0,8.931433225092752e-14,1.1099647251514665e-13,1.0,3.173499709532816e-14,6.252533536408978e-14,3.294786474763769e-14,0.0,0.0,0.0,2.593135953099761e-14,6.688819714829481e-14,2.1449187386901893e-14,0.0,7.74289575802823e-14,0.0,9.946235694056387e-14,0.0
2024-04-30,3.641650777645619e-14,2.5482092386846364e-14,5.991278378711206e-14,0.0,1.4108219531878358e-14,0.0,0.0,1.3685799329793102e-13,1.5133094812051647e-13,1.7327117076430624e-14,1.5373457282672792e-13,1.6295748990207487e-14,2.8534153649017023e-14,0.0,0.0,5.0361487278386297e-14,0.0,1.3286067614250495e-14,0.0,1.63427585096894e-13,7.665730855097041e-14,0.0,8.784410228549178e-14,1.0947900417743193e-13,0.9999999999984512,3.055377310332475e-14,6.108499500100117e-14,3.224535747549617e-14,0.0,0.0,0.0,2.5236315574716654e-14,6.5973764234642e-14,2.1063524069020287e-14,0.0,7.448407741418789e-14,0.0,9.713035655328505e-14,0.0
2024-05-01,3.624931738316953e-14,2.5622189776303646e-14,5.850625834291641e-14,0.0,1.404389730921973e-14,0.0,0.0,1.3578086670283603e-13,1.5398459293757688e-13,1.723590492061053e-14,1.537244755035097e-13,1.6281401651299225e-14,2.8319173457940073e-14,0.0,0.0,4.986313083169294e-14,0.0,1.3067074255468484e-14,0.0,1.6132502135826055e-13,7.71407063915826e-14,0.0,8.793045514144176e-14,1.1116468556914152e-13,0.9999999999984542,3.077905089531843e-14,6.0021824790155e-14,3.0949037783074074e-14,0.0,0.0,0.0,2.5416479990119558e-14,6.62187388185927e-14,2.0818694712681004e-14,0.0,7.565812037764381e-14,0.0,9.587335319624212e-14,0.0
2024-05-02,3.66940849750206e-14,2.5923365438711845e-14,5.886588190032468e-14,0.0,1.4146513631918801e-14,0.0,0.0,1.3881043448593203e-13,1.5539987344165878e-13,1.732593328421294e-14,1.5516633115458286e-13,1.6213469216069903e-14,2.8865216897047294e-14,0.0,0.0,5.02107486211107e-14,0.0,1.3267984436019996e-14,0.0,1.6248698787332808e-13,7.710054291204261e-14,0.0,8.84644292785822e-14,1.0965797993806105e-13,0.9999999999984354,3.1254571004006975e-14,6.151933421408996e-14,3.1616456038142216e-14,0.0,0.0,0.0,2.6012929544103333e-14,6.691827842247542e-14,2.1275166931394784e-14,0.0,7.870411333754225e-14,0.0,9.877416361752711e-14,0.0
2024-05-03,3.6743147636738184e-14,2.877816410579249e-14,5.98913611740459e-14,0.0,1.425114519004219e-14,0.0,0.0,1.3996671909037037e-13,1.5489230148905836e-13,1.7719830799098914e-14,1.5209703876739707e-13,1.6398235660528777e-14,2.8896305570703484e-14,0.0,0.0,5.020062190593534e-14,0.0,1.3118164338589568e-14,0.0,1.6194794961362616e-13,7.740292878139133e-14,0.0,8.938534414479926e-14,1.0880506662715556e-13,0.999999999998426,3.171733699278966e-14,6.291342616880221e-14,3.189030740392285e-14,0.0,0.0,0.0,2.6346311243769888e-14,6.698425560692187e-14,2.1115533206019976e-14,0.0,7.876742988835843e-14,0.0,1.0392836278759041e-13,0.0
2024-05-06,0.0,0.14221279582885915,0.0,2.9349710079710696e-12,0.0,2.4367808460753048e-12,9.202379861365607e-12,0.25844946877614955,0.03970065407277581,0.0,0.0,0.0,0.0,0.0,1.1388419892423238e-11,0.0,2.2658928880716757e-12,2.349042732819418e-13,2.0798687429831975e-12,0.0,0.0,8.611901793037673e-12,0.0,0.0,0.5596370813196084,0.0,0.0,9.333744836417807e-13,9.157232225346181e-12,3.752990447815866e-13,5.0341544075481015e-12,0.0,0.0,0.0,1.0130318364223714e-11,0.0,0.0,9.871048408670178e-14,6.1737130307787355e-12
2024-05-07,0.0,0.14117951576754362,0.0,2.942608145901879e-12,0.0,2.394682301918887e-12,9.343671147951754e-12,0.2608974800448046,0.03977370417174219,0.0,0.0,0.0,0.0,0.0,1.1169227241871915e-11,0.0,2.2026132828701024e-12,2.317456796883559e-13,2.047653596358306e-12,0.0,0.0,8.445088205259478e-12,0.0,0.0,0.5581492999457996,0.0,0.0,9.251988950068992e-13,8.987309658501154e-12,3.768609103417503e-13,4.963833990354234e-12,0.0,0.0,0.0,9.932987273236084e-12,0.0,0.0,9.809678927328699e-14,6.0484572188362046e-12
2024-05-08,0.0,0.14365752266142212,0.0,2.8582341060374883e-12,0.0,2.3815900818417e-12,9.135437090877406e-12,0.25676397553718444,0.03986106871153104,0.0,0.0,0.0,0.0,0.0,1.085986310667966e-11,0.0,2.18848324838627e-12,2.2980928599269477e-13,2.0439606392413667e-12,0.0,0.0,8.42734613557726e-12,0.0,0.0,0.5597174330206873,0.0,0.0,9.257928484321444e-13,8.889577477490032e-12,3.7735461740063723e-13,4.9101993074032845e-12,0.0,0.0,0.0,9.845942695125204e-12,0.0,0.0,9.772347550510601e-14,6.003513758935973e-12
2024-05-09,0.0,0.14436641364730493,0.0,2.853246690268898e-12,0.0,2.3392080705664882e-12,9.090117258787604e-12,0.2586428342327923,0.03989547421035567,0.0,0.0,0.0,0.0,0.0,1.0752011754135095e-11,0.0,2.148291501474022e-12,2.2895733930914567e-13,1.9993782107145025e-12,0.0,0.0,8.337588710187635e-12,0.0,0.0,0.5570952778409859,0.0,0.0,9.135447915578313e-13,8.704709344229812e-12,3.830049598400068e-13,4.8933788614717035e-12,0.0,0.0,0.0,9.931599875972332e-12,0.0,0.0,9.742958269652107e-14,5.888867538172715e-12
2024-05-10,0.0,0.1433081963468591,0.0,2.8114120137126504e-12,0.0,2.380949313078768e-12,9.195759152477384e-12,0.26169979328387644,0.0402389768110976,0.0,0.0,0.0,0.0,0.0,1.0680583899512236e-11,0.0,2.1516482083546415e-12,2.3208323950110627e-13,2.0234748808965833e-12,0.0,0.0,8.50186823917537e-12,0.0,0.0,0.5547530334892953,0.0,0.0,9.254927222906952e-13,8.689521751736985e-12,3.90411606678541e-13,4.93774058527115e-12,0.0,0.0,0.0,9.905824478029018e-12,0.0,0.0,9.688827087368434e-14,5.947980336918891e-12
2024-05-13,0.07792901761909315,0.0,3.2976371215019754e-13,1.7738948113944622e-11,1.4176521501034727e-11,0.0,2.442889789809559e-11,0.2796523178027061,0.2651147390166456,0.0,2.650080708878154e-12,0.07662720941642004,6.812288891815395e-12,7.218067960187965e-12,4.650644604967365e-11,6.299181278454982e-13,0.0,1.262420897197347e-11,5.020269309463127e-11,0.0,4.491303044027821e-12,0.0,0.0,7.292556520836186e-12,0.22832416836512898,2.2853086558225818e-12,0.0,0.053196304584336336,0.0,0.0,9.737115286056097e-12,0.01915624304244563,6.073983071036911e-12,9.52495064319934e-13,1.4624480414872266e-11,0.0,2.0652072700767065e-12,1.3599142821466508e-11,0.0
2024-05-14,0.07801670656745999,0.0,3.3446681117265256e-13,1.7598521185768718e-11,1.414307673303151e-11,0.0,2.4445637423978427e-11,0.28096023316743984,0.26329601673056585,0.0,2.6718491282987588e-12,0.07723770212217525,6.703390830064226e-12,7.21224399647147e-12,4.7382826173901804e-11,6.341246631474002e-13,0.0,1.2551674820612257e-11,5.14735284536038e-11,0.0,4.483339912662095e-12,0.0,0.0,7.232999075090957e-12,0.22742976922184424,2.3035854383783164e-12,0.0,0.05416600077699697,0.0,0.0,9.709348269205903e-12,0.01889357116724869,6.081298160838027e-12,9.523023599123487e-13,1.45855219079672e-11,0.0,2.0708984411091905e-12,1.3698493946245563e-11,0.0
2024-05-15,0.0763798608423135,0.0,3.4147721618731503e-13,1.7565794932686284e-11,1.4239369246451534e-11,0.0,2.4470578109857978e-11,0.2814880639287863,0.26411590489563247,0.0,2.6685190000329893e-12,0.07932938118435438,6.620383251085907e-12,7.115321668984705e-12,4.725299423396482e-11,6.371742319081407e-13,0.0,1.2436067507509962e-11,5.305231398164941e-11,0.0,4.480016770645976e-12,0.0,0.0,7.195107750916025e-12,0.22500626919408775,2.3209939533486158e-12,0.0,0.05460177256180593,0.0,0.0,9.946159780969841e-12,0.019078747145148203,6.0709650551627415e-12,9.580372821641144e-13,1.4738336135079985e-11,0.0,2.031293663687206e-12,1.373058144416563e-11,0.0
2024-05-16,0.07646487346982135,0.0,3.3989970865711586e-13,1.7462395583627902e-11,1.4024196317863595e-11,0.0,2.4190758582065885e-11,0.2830949083242519,0.26523768048646124,0.0,2.655782039484193e-12,0.07739910583812051,6.6251237416757795e-12,7.08350532447608e-12,4.830763190136086e-11,6.189107810251665e-13,0.0,1.2567637204113625e-11,5.223579123716073e-11,0.0,4.5292027507506394e-12,0.0,0.0,7.28132797046441e-12,0.2247743570131428,2.3050515958388537e-12,0.0,0.05408421488876263,0.0,0.0,9.785648425768422e-12,0.018944859731829796,6.132314033816542e-12,9.765924597998175e-13,1.4722457767071054e-11,0.0,2.053072608934779e-12,1.3712634345972646e-11,0.0
2024-05-17,0.07619919373286378,0.0,3.4364040818621814e-13,1.7321321414619424e-11,1.3990520395089453e-11,0.0,2.4287495096064022e-11,0.2838068307445192,0.2653614334781907,0.0,2.6505457131634903e-12,0.07750474638716054,6.538935597324792e-12,7.035557869276377e-12,4.7961014800519256e-11,6.161563995204246e-13,0.0,1.2491233633040009e-11,5.206151577448091e-11,0.0,4.510724364126381e-12,0.0,0.0,7.340542703433404e-12,0.22415567840189746,2.2986252329321127e-12,0.0,0.054023448897942535,0.0,0.0,9.772419753693208e-12,0.018948668110678486,6.05968675534004e-12,9.579835126970767e-13,1.476071135310673e-11,0.0,2.046917402950744e-12,1.3701951819099304e-11,0.0
2024-05-20,0.07612375033704298,0.00023316578374842987,2.8355982409922036e-14,1.5079474463080336e-12,6.476277484069839e-13,3.4074096016275975e-13,0.0,0.24047038188039888,0.07772280408781088,4.628668244127553e-13,0.06733977565544853,0.07406446312918342,1.0320328927353913e-13,0.0,0.0,0.0,0.0,5.942024935269868e-13,1.483045293124142e-13,8.453486502965041e-14,5.626380281662044e-12,3.6270431639200163e-13,2.3750601164576334e-13,3.9068612745832505e-13,0.28711630087204343,1.788951816665721e-13,4.992408984212847e-14,0.02648084359663294,0.00867392744549222,0.0,8.919636405348152e-15,1.4776210456037533e-13,6.740764578332133e-13,0.0,0.0,1.403240632288918e-13,0.14177458720268743,0.0,5.852484905561732e-13
2024-05-21,0.07555440343470168,0.0002316499652287527,2.8046049884875197e-14,1.4852115724866458e-12,6.429010327268003e-13,3.379618425549722e-13,0.0,0.2410585675023658,0.07716649204255521,4.576901004000266e-13,0.06694039463196388,0.07227571408378318,1.0138900548085552e-13,0.0,0.0,0.0,0.0,5.847277155801743e-13,1.4573632460120702e-13,8.397068462040954e-14,5.554006208721695e-12,3.54561651783525e-13,2.3657122774482046e-13,3.88318529483772e-13,0.292618816113515,1.7910174008180978e-13,5.025701929012135e-14,0.02618127205171619,0.008522615846427706,0.0,8.78118566362306e-15,1.4579763403356158e-13,6.719029234759857e-13,0.0,0.0,1.389786061941528e-13,0.13945007431555217,0.0,5.944120391048246e-13
2024-05-22,0.07498395431134962,0.00022778773973729227,2.8166281817792747e-14,1.491944394705933e-12,6.318200901025293e-13,3.362433453776093e-13,0.0,0.24148714537308988,0.07626365140019942,4.555698017001327e-13,0.06590352699211509,0.07153252617086134,1.0433517717321534e-13,0.0,0.0,0.0,0.0,5.798823442884801e-13,1.4707826284690457e-13,8.315959710943017e-14,5.538039066408025e-12,3.536527775067429e-13,2.373392355314708e-13,3.9145490146712484e-13,0.2913938803030753,1.7983027594444377e-13,5.032429079684292e-14,0.029041579249700772,0.008572406117656348,0.0,8.869584729480404e-15,1.4651720209882595e-13,7.051369619474527e-13,0.0,0.0,1.3904903589600157e-13,0.14059354233001053,0.0,5.95870289097295e-13
2024-05-23,0.0756610737865949,0.00022891914605844196,2.8233446886575043e-14,1.4875505784544952e-12,6.358778918722105e-13,3.408089512291047e-13,0.0,0.2433042178181883,0.07550944173397521,4.581755678049668e-13,0.06532490676104816,0.0702663732746598,1.0426164477619408e-13,0.0,0.0,0.0,0.0,5.796282781009681e-13,1.4793406957935944e-13,8.400330511467626e-14,5.523916137151706e-12,3.6342055209089665e-13,2.3882012370286383e-13,3.931788819415818e-13,0.2932955773205879,1.809476690695946e-13,5.008780976651736e-14,0.028775915271838138,0.008429338266363802,0.0,9.05511408342793e-15,1.4845249148734022e-13,7.114501465590579e-13,0.0,0.0,1.3946417259870446e-13,0.1392042366084602,0.0,5.997332097821967e-13
2024-05-24,0.07514271300682175,0.00022768532974406212,2.579324833076592e-14,1.4868786852292403e-12,6.397367894603153e-13,3.4428595034226484e-13,0.0,0.24659284006665658,0.07500320019490017,4.572100698679643e-13,0.0645151815704361,0.06995817497960846,1.0479209809978085e-13,0.0,0.0,0.0,0.0,5.890264364776936e-13,1.5014470978436923e-13,8.389731280350907e-14,5.5142842059157375e-12,3.707603862773948e-13,2.335108157659815e-13,3.878675837787237e-13,0.2936904810943378,1.8169554003252113e-13,5.0493033891086554e-14,0.02843190470980665,0.008712563093055476,0.0,9.01318739200807e-15,1.4555844854109804e-13,7.126250352396533e-13,0.0,0.0,1.3878149357705563e-13,0.13772525594240104,0.0,6.055494982361137e-13
2024-05-28,0.0,0.0017403503442005018,1.343643928609245e-12,5.491905831475624e-12,1.1799759647078964e-12,0.0,1.884563676185702e-12,0.4244897594084478,0.0,1.7765855115270343e-12,0.0,0.0,1.5364810606056196e-12,1.3094260781745855e-13,1.7086982346424155e-12,3.32852601262026e-13,0.0,5.646251148491759e-13,0.0,0.0,0.0,0.0,0.0,0.0,0.36981898192811724,0.0249585522634687,9.113859455874271e-13,0.09600411324959406,3.9512945593323195e-12,1.2942900111600691e-12,0.0,0.0,4.932471328818496e-13,0.08298824280588273,2.007092212935207e-12,0.0,0.0,0.0,2.7939609816148e-12
2024-05-29,0.0,0.0017342644630612952,1.3522705022432146e-12,5.334852793608002e-12,1.1776792926614001e-12,0.0,1.880118310466827e-12,0.42495371795507036,0.0,1.8098564810046526e-12,0.0,0.0,1.5397258437855229e-12,1.3153389775735566e-13,1.6730297867516906e-12,3.3451199676782477e-13,0.0,5.560775634575473e-13,0.0,0.0,0.0,0.0,0.0,0.0,0.3706450267471677,0.025124523698468352,9.063543645992375e-13,0.09470560032702055,3.837865208944275e-12,1.2881648567205828e-12,0.0,0.0,4.982729921923865e-13,0.08283686678211656,2.0071780842151733e-12,0.0,0.0,0.0,2.7677554442767322e-12
2024-05-30,0.0,0.0017503721705694646,1.2645242474625857e-12,5.230124066856943e-12,1.1790880345447394e-12,0.0,1.8873704094915588e-12,0.4269215329423478,0.0,1.7678619673556274e-12,0.0,0.0,1.5328845149614401e-12,1.3154505648521553e-13,1.6659059292295857e-12,3.327142065852677e-13,0.0,5.538187255091072e-13,0.0,0.0,0.0,0.0,0.0,0.0,0.37167387298973553,0.0241242553774138,9.056049701259468e-13,0.09487807040615197,3.851111557762841e-12,1.2837781696874715e-12,0.0,0.0,4.923887019022613e-13,0.08065189608704694,1.912580851797034e-12,0.0,0.0,0.0,2.7431639766013955e-12
2024-05-31,0.0,0.001766544127500837,1.2860211759801037e-12,5.136914416087547e-12,1.1829276367681565e-12,0.0,1.8985444228992717e-12,0.421199114144572,0.0,1.7792051084985916e-12,0.0,0.0,1.5486701786399505e-12,1.3291132881685792e-13,1.690809310509737e-12,3.33186273252846e-13,0.0,5.553817361789158e-13,0.0,0.0,0.0,0.0,0.0,0.0,0.37517037721069263,0.023987639937882953,9.04684497301555e-13,0.09607589427508963,3.8285003819443e-12,1.267898826058258e-12,0.0,0.0,4.952068816668549e-13,0.08180043027763328,1.91551018964528e-12,0.0,0.0,0.0,2.672275759197129e-12
2024-06-03,0.0,0.0017649359448745478,1.2578428058351643e-12,5.098189215278923e-12,1.1667293754965772e-12,0.0,1.8233811863039277e-12,0.42150974314013995,0.0,1.767485371468838e-12,0.0,0.0,1.5133603958289544e-12,1.287683179379151e-13,1.6501353189327718e-12,3.3225124756819016e-13,0.0,5.453797565377686e-13,0.0,0.0,0.0,0.0,0.0,0.0,0.3775509193115257,0.02375093687020666,8.96218303655563e-13,0.09456966523687163,3.729097434541673e-12,1.2488124863450107e-12,0.0,0.0,4.926368131371546e-13,0.08085379947007483,1.9910701985958916e-12,0.0,0.0,0.0,2.665295335649001e-12
2024-06-04,0.13003619439686823,0.0,0.0,1.411667051293532e-12,3.0391640064493e-13,0.0,3.797792023354715e-13,0.3261173794796662,0.0,0.0,1.5258337331797676e-13,3.853801399365548e-13,9.709967273047355e-14,8.580442061620168e-14,9.586293246027517e-13,0.0,2.0424808356124882e-13,3.4757848590407855e-13,0.0,0.0,0.0,0.03039836492909957,0.0,0.0,0.0,0.0,1.8965609790110027e-15,0.11232459390542845,6.177537661641343e-13,3.230148624706192e-14,0.0,0.0,0.0,0.0,0.0,0.0,1.2078307646580522e-13,0.40112346729012777,5.292525451098054e-14
2024-06-05,0.12740274397157444,0.0,0.0,1.3879626457614857e-12,3.0669307492638177e-13,0.0,3.84439127822583e-13,0.3256386249568421,0.0,0.0,1.4879218613447227e-13,3.8584884937352217e-13,9.697566824770646e-14,8.609136227698967e-14,9.730025661445566e-13,0.0,2.0290456676510836e-13,3.4756826443834843e-13,0.0,0.0,0.0,0.03296848776257756,0.0,0.0,0.0,0.0,1.892755379631351e-15,0.11366631483567813,6.353677624133435e-13,3.229828758626961e-14,0.0,0.0,0.0,0.0,0.0,0.0,1.1908488233661808e-13,0.40032382846816367,5.519242146094233e-14
2024-06-06,0.12699993343977523,0.0,0.0,1.3681193828790477e-12,3.0326515688915127e-13,0.0,3.711059560212193e-13,0.328441374855465,0.0,0.0,1.4749701366142683e-13,3.7761883133891923e-13,9.666644655487848e-14,8.441673439336723e-14,9.602994972165465e-13,0.0,2.0060561908036489e-13,3.459866727786084e-13,0.0,0.0,0.0,0.03327944609107388,0.0,0.0,0.0,0.0,1.8798004067625955e-15,0.11434315733452087,6.368228629244159e-13,3.238395205854772e-14,0.0,0.0,0.0,0.0,0.0,0.0,1.1886520607436716e-13,0.39693608827406474,5.4575945378697673e-14
2024-06-07,0.12617917540000861,0.0,0.0,1.3482547809017686e-12,3.037947372904077e-13,0.0,3.6689671114229405e-13,0.3283818514482775,0.0,0.0,1.4554913267021643e-13,3.655987856611337e-13,9.561221901701355e-14,8.395030208882864e-14,9.66852021299298e-13,0.0,1.9878005814853588e-13,3.433395474316609e-13,0.0,0.0,0.0,0.03239572965656571,0.0,0.0,0.0,0.0,1.8787291713925424e-15,0.11265810107331414,6.386404501139125e-13,3.22441200194357e-14,0.0,0.0,0.0,0.0,0.0,0.0,1.2000705585011757e-13,0.40038514241676815,5.4406285621465465e-14
2024-06-10,0.12644271809962204,0.0,0.0,1.3609092745688568e-12,3.047965522210947e-13,0.0,3.7494941160195746e-13,0.33158868050009616,0.0,0.0,1.4665434843613402e-13,3.688657608690747e-13,9.676072881999883e-14,8.381985724477094e-14,9.784991624733063e-13,0.0,2.0319260812060583e-13,3.480467159467622e-13,0.0,0.0,0.0,0.03302702021770723,0.0,0.0,0.0,0.0,1.8788189859935054e-15,0.11367795201773913,6.139464861211163e-13,3.3154306914143323e-14,0.0,0.0,0.0,0.0,0.0,0.0,1.2181150906037102e-13,0.39526362915974106,5.705393874529489e-14
2024-06-11,0.0,0.0,0.0,5.9957461987279735e-12,4.086358282502806e-14,0.09072121772159057,1.023764318989699e-12,0.7890194103966551,0.0,0.0,0.0,1.6268232797027367e-12,9.933560564943665e-13,5.419842488655269e-13,1.3502397269356268e-12,1.1272858718834248e-12,7.33289714336948e-13,9.651772988994602e-13,0.0,0.0,0.0,2.5443659821980833e-11,0.0,0.0,0.0,0.0,1.8423276754957872e-13,0.04849756327335016,2.7254498110832878e-12,1.0595874509709146e-12,0.0,0.0,0.07176180858440685,0.0,0.0,0.0,2.5423670501366624e-13,0.0,8.801158126026807e-14
2024-06-12,0.0,0.0,0.0,6.059232826934059e-12,4.1268832999640285e-14,0.093608731536755,1.0273841758761923e-12,0.7864313909988487,0.0,0.0,0.0,1.6595430110603072e-12,9.945819162825886e-13,5.519393423992633e-13,1.3412155608408062e-12,1.1218874465891588e-12,7.399276010111646e-13,9.799521654421152e-13,0.0,0.0,0.0,2.6210621183677648e-11,0.0,0.0,0.0,0.0,1.882119608394369e-13,0.04886255426394198,2.743229402698067e-12,1.0748680564745625e-12,0.0,0.0,0.07109732315537773,0.0,0.0,0.0,2.5169952131946855e-13,0.0,9.120775928961123e-14
2024-06-13,0.0,0.0,0.0,5.883714345769991e-12,4.0743982038841985e-14,0.09380699012114145,1.0189151642243954e-12,0.7867083489401836,0.0,0.0,0.0,1.6869147712298805e-12,9.9010750797243e-13,5.51283174205695e-13,1.3315079886329457e-12,1.1222713754702055e-12,7.283865413346857e-13,9.986794049962598e-13,0.0,0.0,0.0,2.5880154368661313e-11,0.0,0.0,0.0,0.0,1.877033103811948e-13,0.048080636717080315,2.7443612564232107e-12,1.0604999336064669e-12,0.0,0.0,0.07140402417702862,0.0,0.0,0.0,2.4927966171554867e-13,0.0,9.151607653420062e-14
2024-06-14,0.0,0.0,0.0,5.736739793096567e-12,4.05228695414291e-14,0.09283124813239164,1.0095353635190295e-12,0.7891888538076127,0.0,0.0,0.0,1.6576480791672846e-12,9.713931501351287e-13,5.362003697075612e-13,1.3201153495349956e-12,1.1169466612205827e-12,7.110275000177653e-13,9.862584525312328e-13,0.0,0.0,0.0,2.5062228571660413e-11,0.0,0.0,0.0,0.0,1.8630129684509888e-13,0.04710623876616397,2.7171776637287245e-12,1.047365801302239e-12,0.0,0.0,0.0708736592503854,0.0,0.0,0.0,2.561658037769761e-13,0.0,9.054260171241326e-14
2024-06-17,0.0,0.0,0.0,5.598221881175407e-12,4.079444808348766e-14,0.0937435605412243,1.0017808582838977e-12,0.7889398810289326,0.0,0.0,0.0,1.596875762043368e-12,9.701845999480563e-13,5.398708743963437e-13,1.3237335561114718e-12,1.101088122774642e-12,6.982472893769128e-13,9.933549200489105e-13,0.0,0.0,0.0,2.5291414935850408e-11,0.0,0.0,0.0,0.0,1.8808706573390353e-13,0.04666823766787655,2.6573776644725022e-12,1.0329450921653137e-12,0.0,0.0,0.07064832071859073,0.0,0.0,0.0,2.4940776817228136e-13,0.0,9.23143912202108e-14
2024-06-18,1.6390805885166048e-12,1.188200155186046e-13,1.4895722323352181e-12,0.0,0.0,0.10043268880473127,0.0,0.6341355427895741,4.86553690817244e-13,0.0,5.595007247248736e-13,4.1573381943683483e-13,4.755319304816019e-13,0.0,0.0,1.0846132235529012e-12,0.0,0.0,0.0,1.5993748190631388e-12,4.588229334793979e-13,2.655756745515366e-12,8.393358454103411e-13,2.2969887043514126e-13,1.2497911026040662e-12,6.802546641952185e-13,0.0,1.6715911491098834e-12,0.0,0.0,5.417398418862717e-13,0.016064669266646528,0.12671114794529348,0.0,0.0,5.632341714633303e-13,0.0,0.12265595120027294,0.0
2024-06-20,1.7018769979526334e-12,1.2180869123742883e-13,1.5236494999823105e-12,0.0,0.0,0.09844704902085906,0.0,0.6357785146006499,4.943710296396155e-13,0.0,5.671669666977144e-13,4.2445865046290153e-13,4.854383540993091e-13,0.0,0.0,1.1158133912762142e-12,0.0,0.0,0.0,1.623172633263099e-12,4.672150235113086e-13,2.661343929866985e-12,8.442415433753587e-13,2.340826643588494e-13,1.2673612060025404e-12,6.876013125940477e-13,0.0,1.6498727941878099e-12,0.0,0.0,5.349907541443243e-13,0.01628327852056295,0.1280035245209461,0.0,0.0,5.803951356830481e-13,0.0,0.12148763331999714,0.0
2024-06-21,1.7514206541149364e-12,1.2261401095112678e-13,1.582563788756858e-12,0.0,0.0,0.09775243468946967,0.0,0.6330305388351691,4.957067800889253e-13,0.0,5.714927487858184e-13,4.266541102228866e-13,4.928662141914753e-13,0.0,0.0,1.1432762139508245e-12,0.0,0.0,0.0,1.6764443228375125e-12,4.750423616913882e-13,2.6577251165604295e-12,8.570131958115805e-13,2.387923960228916e-13,1.2881278062196862e-12,7.024045593891914e-13,0.0,1.6813105572676023e-12,0.0,0.0,5.413130194694993e-13,0.01681358721965751,0.13071050766383668,0.0,0.0,5.969199628942138e-13,0.0,0.1216929315745656,0.0
2024-06-24,1.7519393836671104e-12,1.2662643212307464e-13,1.5623227404786468e-12,0.0,0.0,0.09546779622618896,0.0,0.6331060605985434,5.020624470847348e-13,0.0,5.807020950422653e-13,4.317341770661119e-13,4.900609043758008e-13,0.0,0.0,1.1433729952817443e-12,0.0,0.0,0.0,1.7018059856162693e-12,4.769504412236651e-13,2.5698011593846525e-12,8.602798172343493e-13,2.400479480590616e-13,1.2965134974147576e-12,6.993165112692015e-13,0.0,1.6629559614982636e-12,0.0,0.0,5.257422326463476e-13,0.01652629774427655,0.13278953320291328,0.0,0.0,5.860125085109547e-13,0.0,0.12211031221086963,0.0
2024-06-25,1.7354661684735263e-12,1.2615540947769135e-13,1.5672382843677242e-12,0.0,0.0,0.09659371673564858,0.0,0.6339057477004155,4.913097748847315e-13,0.0,5.681191614983774e-13,4.2211634748932315e-13,4.791402342354683e-13,0.0,0.0,1.1373822184384528e-12,0.0,0.0,0.0,1.674862453995928e-12,4.702921117001699e-13,2.6052435546443626e-12,8.586863712388583e-13,2.375212480801846e-13,1.2931600190784318e-12,6.992703227489819e-13,0.0,1.6643354113297314e-12,0.0,0.0,5.259185057142703e-13,0.0164898247561687,0.13125497604206832,0.0,0.0,5.841254448328413e-13,0.0,0.1217557347485586,0.0
2024-06-26,3.014214344674197e-12,0.07766436811242397,3.196662091157968e-12,0.0,2.280574964846866e-12,9.055693937709102e-12,0.0,0.1182327566142991,2.228797904029268e-12,0.0,4.079482743731091e-12,0.0,3.737017226460448e-12,0.0,0.0,0.12701926827768528,0.0,0.0,4.624253593324447e-12,8.673692443309e-12,0.0,0.0,5.81547512867226e-12,4.322280952425025e-12,0.05489642939213314,3.939646614548222e-12,0.0,2.3038119191098677e-12,0.0,1.5753318074013152e-12,0.0,0.0016751290678517431,0.21072294443526277,0.0,0.01743740423322988,2.363095470708841e-11,0.13981894457510552,0.14261385131470364,0.10991890404222114
2024-06-27,3.023627863747172e-12,0.0780011374449478,3.2717306971263085e-12,0.0,2.2895469390196765e-12,9.08380047253251e-12,0.0,0.11755649602777105,2.2614507433821482e-12,0.0,4.074068167827139e-12,0.0,3.745080086864926e-12,0.0,0.0,0.12881798431096783,0.0,0.0,4.640365185319123e-12,8.593908464901834e-12,0.0,0.0,5.858741638515329e-12,4.315888741297874e-12,0.0543558214423366,3.951777275528953e-12,0.0,2.295636984742298e-12,0.0,1.5950504829196168e-12,0.0,0.001735167953593872,0.20947326837053054,0.0,0.017493160244533772,2.418591362708708e-11,0.13906596391459478,0.14340434026504725,0.11009665994248992
2024-06-28,3.099913622838142e-12,0.07786302826127797,3.307941265259402e-12,0.0,2.2694220364099365e-12,9.239164395554432e-12,0.0,0.11772680534067617,2.252032009371691e-12,0.0,4.072404565674706e-12,0.0,3.801011271980517e-12,0.0,0.0,0.1292634707531944,0.0,0.0,4.705548539086032e-12,8.511122859220069e-12,0.0,0.0,5.77768439534696e-12,4.3506808535535165e-12,0.05434252543821219,3.9088367143294685e-12,0.0,2.31670279024985e-12,0.0,1.5766686428458496e-12,0.0,0.001766894494897973,0.2096463367971276,0.0,0.01780271938775489,2.3675352034154072e-11,0.1389251901656568,0.14138252602694332,0.11128050325139423
