Date,CMCSA.O,AMGN.O,INTU.O,CSGP.O,CPRT.O,AMAT.O,ODFL.O,COST.O,AEP.O,MNST.O,EXC.O,BIIB.O,CSX.O,FAST.O,INTC.O,CSCO.O,MCHP.O,MAR.O,KLAC.O,CCEP.O,HON.O,ASML.O,CTAS.O,ADP.O,AZN.O,MSFT.O,BKNG.O,ADI.O,AMD.O,IDXX.O,CDNS.O,ADBE.O,EA.O,CTSH.O,ADSK.O,AMZN.O,GILD.O,AAPL.O,LRCX.O
2024-04-01,0.02564102564102563,0.02564102564102563,0.02564102564102563,0.02564102564102563,0.02564102564102563,0.02564102564102563,0.02564102564102563,0.025641025641025633,0.02564102564102563,0.02564102564102563,0.025641025641025633,0.02564102564102563,0.02564102564102563,0.02564102564102563,0.02564102564102563,0.02564102564102563,0.02564102564102563,0.025641025641025633,0.02564102564102563,0.02564102564102563,0.02564102564102563,0.02564102564102563,0.025641025641025626,0.02564102564102563,0.02564102564102563,0.025641025641025626,0.02564102564102563,0.02564102564102563,0.02564102564102563,0.02564102564102563,0.025641025641025626,0.02564102564102563,0.02564102564102563,0.02564102564102563,0.02564102564102563,0.02564102564102563,0.02564102564102563,0.025641025641025633,0.02564102564102563
2024-04-02,0.025841339796948005,0.02531427008429847,0.025403052151982377,0.02556973397013734,0.02557393117491116,0.02561953549417937,0.02575589432868155,0.025582726686876726,0.026139628924512694,0.02556285248926795,0.02618409491778692,0.025072054250352693,0.02574980444245239,0.025842010315884224,0.02560228477869418,0.025587725148798063,0.025431484953449702,0.025569699791863867,0.025321719552865364,0.025820431262334426,0.025711659364658836,0.025254725827637374,0.025757268062145067,0.026188730301524715,0.025843798193643637,0.02574899462446594,0.02592002392537864,0.025710670716487093,0.025283730502905208,0.02541695296541888,0.025460702103274214,0.025791436508015436,0.025708725296487368,0.025914922734722613,0.024867386185851475,0.025900095091190733,0.025659045014128627,0.02575868070268063,0.025558177363106095
2024-04-03,0.02571542147013658,0.025196407750535357,0.025303893049791363,0.025671682286893566,0.025674601247442735,0.025824737426949615,0.026192798974003697,0.025427569031840482,0.025917183847360886,0.025182218898920534,0.025973909155541743,0.024965677902342158,0.025733502465023348,0.025906435103416114,0.023542021380392207,0.025519528414089294,0.025524524741891513,0.025911352845703384,0.025499829606102063,0.02586034965410614,0.02546813820184096,0.025656004025797215,0.025923333619207074,0.02596880086918881,0.025817837710205543,0.02573568525053641,0.026450338274637903,0.025821331796324502,0.0256235804319339,0.025579315427299087,0.025858817237077173,0.025724932191566397,0.025828052461119702,0.026020467894873424,0.024679661496138393,0.026194658468129954,0.02527826694677163,0.025929789586760715,0.0258973428581086
2024-04-04,0.025841868097400866,0.024988960791170734,0.025617183717242035,0.025626050102078267,0.02532389678878633,0.02571244369809251,0.026375209333916814,0.025784028942878505,0.026195268366676763,0.025473199016115458,0.02637538022232934,0.025212123011221183,0.02590904547177916,0.025893328266739825,0.023543921760200013,0.02557214684830999,0.02535938897028748,0.026126336307718646,0.024967370560316404,0.02617685923769983,0.025604091731808224,0.02533189732717254,0.02576103220882503,0.02597163528438496,0.0264177739586427,0.02596675490406654,0.026035467944022735,0.025755846087946174,0.023862792795049284,0.02567336437915995,0.025904906141336503,0.02559533806718438,0.025634561036500917,0.026330988584891402,0.024894741137140353,0.026241056431005823,0.025177010837472185,0.02619471861485603,0.025572013017574186
2024-04-05,0.02544738270754565,0.02490544450869934,0.025945791985575724,0.026176663295356388,0.025429602075193427,0.026008012840529258,0.026885308925349273,0.02584085286391598,0.025924745835920016,0.025280974434655046,0.026190274996273584,0.024780905730638705,0.02577232986057818,0.02612675887414844,0.02270527659209818,0.02554256173329283,0.025481680475848128,0.026383260316454823,0.025083113244309202,0.026113120999230455,0.025484885921480547,0.025760720756126884,0.025850278434730607,0.026064154240192317,0.02619078083863337,0.026171550622023563,0.026354798725402768,0.02586609422139214,0.024272925061027895,0.025481885922391,0.025769274117140178,0.025230530899134972,0.025515813221761927,0.025887474518122126,0.024633538518931783,0.02670473174187755,0.02493072117352436,0.02604401022789803,0.025761768542595296
2024-04-08,0.025314813548406378,0.024822175305075144,0.02632021401880873,0.02601548851483246,0.025293845484880794,0.026142093049829698,0.02688443127830172,0.025757094939027253,0.026008818147353518,0.025153648492235028,0.02648387417315571,0.024898064787543726,0.025580329989635806,0.02585979524034332,0.022264472147956512,0.025365085697212783,0.025926738108033004,0.026446189675966777,0.025361866078953032,0.02592882871557922,0.025549251608139707,0.025829178509427664,0.025978672572746404,0.02623982037393972,0.026272958419449693,0.026099552202416918,0.026334525249041896,0.026107614240473823,0.02418514805329661,0.025230192419911597,0.026011364625419024,0.025172570189891517,0.02544459250250622,0.025847342415656265,0.024735262850098343,0.02670690390527062,0.024859297048953788,0.02585580471698072,0.025712080703248583
2024-04-09,0.02479831878854075,0.024761119669858833,0.026131057255415608,0.026243303227854647,0.02530639530997618,0.0261360765935978,0.026445343906759892,0.025827181907206957,0.02608183624268873,0.02502901445189427,0.026368044672451317,0.024919702015739592,0.025337445450984958,0.02568889142968711,0.022318207984866795,0.026118543073702823,0.02647992941091389,0.026294765805926004,0.02541008984842506,0.02562687597392067,0.025460465831602774,0.025840974596606427,0.025815010278866225,0.026419085752102323,0.026369564577254936,0.02602683208657785,0.026014019327770754,0.026911228561215375,0.024146569488291907,0.02530894738677622,0.0258626307364121,0.02542988572457772,0.025407244332668687,0.025853782052408424,0.024772383896434914,0.02659566218229293,0.024876708710675974,0.02586754194100113,0.025699319516051426
2024-04-10,0.024971659231238782,0.0248396251015087,0.025948988109958403,0.02530586712368741,0.02545926867587832,0.026457021816898445,0.026013625888165515,0.026435240136447644,0.025989924364533953,0.025047255757011142,0.026159421573648874,0.0247551180606156,0.025403369762398247,0.025748868650047486,0.022047782301960816,0.0261605535441687,0.025901068033296164,0.026703275631381505,0.025504300789593586,0.02567410509909876,0.025555484052010732,0.02589885778465766,0.026014776619245752,0.026437847001379557,0.02672364657199235,0.026304802878923894,0.026513827613242814,0.02634729915994191,0.024054719591933022,0.024985156890139876,0.02574881555981559,0.02560475729491282,0.025586754485495505,0.025731618053946345,0.024308393838402612,0.027112322647799517,0.02466285804247153,0.02603704916068185,0.025844673101468613
2024-04-11,0.025027485337348578,0.024962884303623627,0.025708256886801353,0.02568953699841254,0.025235680264857063,0.026706439940456243,0.02636885398155087,0.02657159941224949,0.0256578792027623,0.0248043290447972,0.02586625756382775,0.024810314709223343,0.025207991442403793,0.02387589399825132,0.022118612385543735,0.02611340952299106,0.026034361544875016,0.026920246122275466,0.02579044592159147,0.025639766315441608,0.025502660411367693,0.026148206351707105,0.025806660654029864,0.02607355821114338,0.027024569021369713,0.026375593767090325,0.026674437018021014,0.02643734448791693,0.02433581928025337,0.02472788251080544,0.02599830708239558,0.025240257271365522,0.02535208280737597,0.025738132205529174,0.024314594540536416,0.027336877749164837,0.024649663383079366,0.02693956415355934,0.02621354419400527
2024-04-12,0.024930411933145304,0.025096990984730803,0.025834870998084774,0.025401501034776182,0.02534569082952646,0.02647111845742877,0.026943572832658046,0.026947886837056366,0.025803652847044136,0.025320243215076095,0.02604142833861734,0.024517032526524395,0.025536291537901396,0.024446232367572686,0.021305630943512937,0.025964001649190084,0.025362589992642424,0.026548268472837488,0.02545150687976477,0.025982302728562418,0.02580718242755228,0.025744144329878167,0.026103112165192687,0.02641864353817568,0.027240746041964494,0.02640968548544966,0.02630076502461553,0.02598883681291311,0.023668938014124393,0.024848659871004083,0.026042098671119618,0.02509471285760614,0.02549054636094376,0.025654502045607947,0.02427603567710156,0.027334604752948445,0.024822778629423,0.02759593889835989,0.025906842989366966
2024-04-15,0.025225894196270623,0.025187892307533623,0.025723502309008175,0.02486520110856287,0.025315765147741046,0.026463615945992214,0.02707617035776415,0.026740697423535416,0.025691886071349403,0.02516283182460744,0.026158526698447662,0.024597384291162,0.025653628005107197,0.024326721240586317,0.02189928087981214,0.026096513903430277,0.025642095738471864,0.026538935822210865,0.025627480744424915,0.025994487129069724,0.02579153308269008,0.025819800826267555,0.026226712158368012,0.026716262550888468,0.027441813967985156,0.026159653445467106,0.02622462682068613,0.025986454801616612,0.023479521274192568,0.02477710041692265,0.02594161340109684,0.02514012542636599,0.02558426702699528,0.025604713756170936,0.02376465629705675,0.027244080652999193,0.024960868723782285,0.027270958049993622,0.02587672617536669
2024-04-16,0.02506548605182606,0.025238405180128605,0.025735960400849366,0.02455008546285644,0.025182777567931195,0.026993374401481297,0.027182535475524475,0.02669508283443477,0.025285586493080766,0.025471082124619848,0.025822558037815434,0.024428110702747433,0.025473151216612654,0.024152911620442287,0.02190225829781395,0.02596267865267031,0.025749867513395912,0.026280622504932943,0.02622692780119094,0.02578936662691449,0.02538865076662527,0.02645744322984192,0.026339155350146623,0.02677099071481547,0.027297448679576047,0.02625882541295018,0.026129783348527617,0.02615438940614779,0.023975657163594035,0.024727763897563246,0.025916300656626735,0.02550599740970018,0.025522190795472684,0.02545985708432161,0.023657621285554632,0.027240778473007227,0.02483633327097289,0.026788773235652603,0.02638321085163397
2024-04-17,0.025355796542039562,0.025464446506392773,0.0261943114924767,0.024677557156103334,0.02539017795395621,0.026142819228470646,0.026379023220956997,0.0270647873791072,0.026222127900874224,0.025644010965195436,0.0266999160697711,0.024413556595231735,0.02534948426555903,0.02440364356155042,0.021874225301688924,0.02627946126158366,0.02587339141125603,0.025896090212337387,0.025301072379403336,0.02613565308276934,0.025719695252965757,0.024947951038917792,0.026811261115890574,0.027025594317985714,0.027813230441532968,0.02647538061827879,0.02633807656436639,0.02629565895286458,0.0229288821952457,0.024516737923821225,0.02568302720813776,0.025791219059381035,0.025854745983110824,0.025692250150201813,0.02261012103400178,0.027340490206328064,0.025065446887305852,0.02696787446247947,0.025360804100459686
2024-04-18,0.025965342559153677,0.025533683002237285,0.026189562886126755,0.024496484421813933,0.025198712960254013,0.025611464689548426,0.026206583389473587,0.027124455441672177,0.026854882913999983,0.025466585993877223,0.027099098529744764,0.02439294281300965,0.025718107312781888,0.024240984648786983,0.021648484303131623,0.02666062623872575,0.025810484406811874,0.025860561101895878,0.024926222124701324,0.026437611787086934,0.026017221669114562,0.024626777659226527,0.02677388816332486,0.027133181524118477,0.027959430338795686,0.026190317536124583,0.026436239067938346,0.02624081944364399,0.02326575329139403,0.024683651439298505,0.02519400413048433,0.025921692917769548,0.02591501486040167,0.0257343554351049,0.02233067471314871,0.027239456614989725,0.02496926081693283,0.027021750502453326,0.024903628350901603
2024-04-19,0.026454620746336574,0.0262164553688875,0.026133326506130247,0.024596894449625675,0.025125930612865055,0.02509045021329525,0.02679501536057817,0.027143212818998144,0.027474490844844074,0.02539377727784935,0.02782911790426864,0.02496543772236315,0.025761497315406272,0.024342455517131788,0.02119597926783247,0.026861230128271733,0.025113786597043407,0.02590897353482058,0.024381280878373088,0.02691102017097548,0.026533408993703617,0.023884780118688612,0.02681148286906966,0.02736700313328562,0.0281253351353801,0.02593801414793648,0.026400954182385673,0.0257311646728298,0.02206875130547918,0.02468666940621261,0.02477380099069752,0.025554806435809096,0.02633589784736345,0.02593451865352125,0.023025204742755052,0.026625317986986845,0.025274961323902022,0.026775705646998618,0.024457269171098254
2024-04-22,0.026458717492604072,0.026295420106893938,0.026121828348875158,0.024704665524319727,0.025123383766462386,0.024849556567070497,0.026552315445792722,0.027152404999305275,0.027481818390338454,0.025409186418599662,0.02769525277767118,0.024731800268117964,0.02576428460891924,0.024105305163854826,0.02115593706136609,0.02654760038219871,0.025477638172973306,0.025855767041482517,0.024397708536543026,0.027296705573715475,0.026500515525013632,0.024039019826407926,0.026746732726119084,0.02748334193109202,0.028543964961935137,0.025849639744849627,0.02655978238300729,0.02593649125633948,0.022191222045973444,0.024655201308865848,0.02499439176667624,0.02545281083327753,0.026094932799263035,0.026017479355098603,0.022907919382177715,0.026806085622734163,0.025144613634474736,0.02669724725099447,0.02420131099859597
2024-04-23,0.026064722971346717,0.02619473146793029,0.026762239414886545,0.0242655551558163,0.025349470979394925,0.02509783809897304,0.02724861653412105,0.027158586000318303,0.027425005621704596,0.025222084984814108,0.027344719391163078,0.024372953333608595,0.025586384105412335,0.023891144890899687,0.020870198573293974,0.026386651768715123,0.026032251968292782,0.025849164351296576,0.024714985182691888,0.027041882364176657,0.026319552923277794,0.024610078303565847,0.02653851598402369,0.02727352100918904,0.02855541587895179,0.026019193403948603,0.026839567384373812,0.026182240038230886,0.022511168792178696,0.02513887307518533,0.024467226925361404,0.02552869801339115,0.02584417540682505,0.025600974905385102,0.02276779680686345,0.026890294470489986,0.0249288232912956,0.026605517180786596,0.02449917904781979
2024-04-24,0.02587654756158584,0.026052053815129227,0.026863012633145177,0.026274789648254655,0.02554871138106986,0.025374563869132886,0.024153716140403434,0.02710840714307028,0.02758729840153337,0.02541406595628679,0.027400921961662994,0.02539488017420892,0.024725359719523467,0.024027052118711555,0.02093028618613761,0.026310199546728245,0.02729208237727052,0.02622789901908871,0.02494457575850609,0.02715339491636157,0.026043839853633823,0.024271939124661593,0.026357891689288385,0.027152302157246573,0.028595581479311447,0.026022495220382264,0.026620553063610507,0.02699268522196797,0.022353939949121045,0.025073819087667478,0.024026418316407647,0.02566594606262845,0.02595586436691585,0.025416851727428073,0.022382714309580054,0.026355468903629477,0.024859701933986886,0.02684873137595961,0.0243434378287617
2024-04-25,0.02438572140797531,0.025721530320732256,0.026494690745572442,0.025830668382914115,0.025699451061777064,0.02557671307925485,0.02436687393766656,0.027092492646566442,0.027760937054536486,0.02487744415348509,0.027337988099907874,0.02546968505478545,0.025005151769729683,0.024183851689971045,0.021313508399651456,0.026190318708769193,0.027769702523121303,0.02601612530909628,0.025583842466790303,0.027669409666804,0.025823119993919876,0.02456427287787777,0.02641864244798955,0.027139319591242873,0.030152402960109355,0.025400741729415807,0.026523095321956718,0.027207281171849028,0.0226655057385501,0.02483447732650927,0.023991032400657242,0.02548370956044937,0.02580366161642586,0.02514627688599107,0.022542370914630107,0.02593567100871628,0.02420385371210575,0.02700359166577073,0.024814866596725948
2024-04-26,0.02468917006148975,0.025625927762666614,0.02676474504757746,0.026334042421075364,0.025782975572801275,0.026181976220069705,0.02246843288232576,0.027204909451302883,0.027087952184050676,0.02483225980657082,0.0269305001399148,0.026123979342232453,0.0248276297275717,0.024051002588329352,0.019237958218775553,0.025905080770986338,0.02802112733545504,0.0257442418943378,0.026690956305278766,0.02772243032295935,0.02572715040934487,0.02490848459288238,0.026300641907139932,0.026620237672367965,0.03002949865689391,0.02571074826399176,0.026505804110908814,0.027596562834548196,0.023064461596441942,0.025194815486749518,0.02430750470999091,0.025553017473297274,0.02576949535455997,0.025064533314956554,0.02256710779210179,0.02666514353606683,0.024115595793609033,0.026750211703922312,0.025321686734454462
2024-04-29,0.02475820104888684,0.02611715262004125,0.026723163795161077,0.026174901123113447,0.02565951021890055,0.02630690251969238,0.022592040917810044,0.02697849561756729,0.027413901770150056,0.02507426881725185,0.02709852658631592,0.026829919897480986,0.024688521569777754,0.024053310226072166,0.0188403049645112,0.02574717659392665,0.027771777101936495,0.025592913045651873,0.02686125909344308,0.02779837656447341,0.02565551285397648,0.02454984723002411,0.02616837365060885,0.026598221600755485,0.030019719699507116,0.025340418264445,0.026341282690902197,0.027736813350078358,0.023370731973141063,0.02538659776856666,0.0242066447290317,0.025200599139529784,0.025655301551136475,0.024800626281351407,0.022348547707248284,0.026745026416873235,0.024199567756711022,0.027292351397205556,0.025303191846742908
2024-04-30,0.024690811776941914,0.026317402563583277,0.026624458271797234,0.026331471953121507,0.02543099570893931,0.025883459255160442,0.02265263499541925,0.02729796853910681,0.027664341459646243,0.02517133895343897,0.027447268285671164,0.027190373395673907,0.024559713205421576,0.024260793501315544,0.01861027053245117,0.025737409741815768,0.027870369585633974,0.025547136220596747,0.026365807072503893,0.028262979502122674,0.02594250090760874,0.023935143889657957,0.02630461648223085,0.026812545708190236,0.030681064337847883,0.024934688885464143,0.02630142145968307,0.027743437720690885,0.023489755669470102,0.025166604862201628,0.02401189085226019,0.02506543913582613,0.025862034450959113,0.024891245402880277,0.022308589221086087,0.02629461704525385,0.02432621941379248,0.027239615902905696,0.024771564131629502
2024-05-01,0.02488530011039856,0.02679354379304631,0.026325072898676895,0.0261379183402,0.025632134779122972,0.025415355657124637,0.02287505093103353,0.02742235285281572,0.028502032427895018,0.02535245817000458,0.027789234208584316,0.027506707706188443,0.024679982438177133,0.024480458939219712,0.018651257747494578,0.025801907280173907,0.02705181933363781,0.025440761209192354,0.02561665998077735,0.028248818521732454,0.02643308558789483,0.02352535584056952,0.026660277376620647,0.027566398660025377,0.03106536055401935,0.02543315895478917,0.026167356415206636,0.026961633843556352,0.02151479896140144,0.024035615844671503,0.02404940982476103,0.025560582624017534,0.026283203884417572,0.024910076833028948,0.022205814061215565,0.02704362667772794,0.02457636922120243,0.027223871791068242,0.02417517571830964
2024-05-02,0.02484857654786669,0.026740387719258768,0.026127226831042245,0.025817906014252774,0.02546882786675613,0.02578267559828579,0.02285944735935391,0.027653534936679096,0.02837341591772161,0.025138827960768863,0.02766899937821512,0.027019989544986668,0.024814269856164972,0.024310242421419957,0.018631547863538423,0.02562898258992893,0.027102210444049844,0.0254811543726682,0.02608445708760816,0.028065937145017494,0.0260605807679558,0.0238710234716763,0.02645796425711563,0.026823523951003063,0.03064353062378845,0.025475400892074312,0.02645603063022462,0.02716906203594278,0.021673706695087235,0.02429731998406537,0.024078379576269817,0.025805187139280983,0.026200197278407437,0.02511059188971279,0.022000919290886413,0.027750398117821106,0.024370597597924315,0.027666723991346266,0.02447024435383338
2024-05-03,0.0246242410287537,0.029377879525575856,0.026307215800011535,0.025782026682165293,0.02539161610153914,0.02612300768862599,0.022663144113170226,0.02759525214309381,0.027987998322443863,0.025444211773260436,0.026840942617708714,0.027045025270025804,0.024583858058542563,0.02400455738654283,0.01853985850798455,0.02535857293188938,0.027194001509880453,0.024932639385899777,0.02617483973986872,0.027683274367562002,0.02589196971678086,0.024298619337086574,0.02645666539995411,0.026339392477648185,0.030326329151096502,0.025584989563425305,0.026775490640186042,0.027120719477915858,0.02194172847673785,0.024112411911221546,0.024101634406686646,0.025865364871086056,0.025954554583064587,0.02466420201227971,0.022155841087384866,0.027485238213668182,0.02374300430917832,0.02880908766951009,0.02471859374054411
2024-05-06,0.024369471614589584,0.02811623589813321,0.026393645483355772,0.025667539209516133,0.025506584516645853,0.026594437205008252,0.021950694380482035,0.027914773804579664,0.027908343860296156,0.02495283548259457,0.026801189820724294,0.027387922327387054,0.02433310484973889,0.023289890292590768,0.01856024332592098,0.025221255987803008,0.027763147666751743,0.025038667619989418,0.026853141883941133,0.027366638132653585,0.02565068174302128,0.024582087911221153,0.026774271456415307,0.02629439996274023,0.029935384922272393,0.025882450325754647,0.026792737303633726,0.027478282163129173,0.022578320939978296,0.023800767792418787,0.02427928820404869,0.02612293382390496,0.02601877587738279,0.0245988121161334,0.022195204211779705,0.02770782801818373,0.023896552049537886,0.028398175782485553,0.025023282033256117
2024-05-07,0.024302768077764804,0.028116050571885962,0.026591400674906073,0.025922505501076235,0.025523474386227925,0.026326089915892154,0.0224506942627183,0.028385233916333748,0.028164144675255035,0.025091064885229494,0.02698407575244015,0.027004572729330857,0.024468241361077735,0.02311129868569695,0.018336120108644514,0.025242984659823074,0.027185148176723347,0.024882617766098146,0.02663052882532364,0.028033686509690917,0.025823157831041478,0.024282198928261958,0.026976678978292437,0.02647953136276822,0.03007411611531463,0.02554945735656305,0.02677137820895281,0.027436763771925093,0.022321390414349475,0.024074580317513104,0.024115195706548607,0.025981761819211503,0.02588396094859559,0.02498946090372413,0.021921993974250268,0.027640772817130746,0.023802054001619853,0.028427985047657724,0.024694860054140323
2024-05-08,0.024688043116570642,0.028809350934562328,0.026263453205543377,0.025355069935797336,0.02520443858986983,0.026365010095153938,0.022103652035120172,0.02813061051291803,0.028423132451147245,0.02495328040442356,0.026954612024033858,0.02713808876986525,0.024687259214396823,0.023269930300697204,0.01795275657291636,0.025660331966843485,0.027199389139040263,0.024847029077739273,0.026768146696889584,0.02815396289269726,0.026013966397348275,0.024400410229982763,0.026924012314296804,0.026277761796147374,0.03036923098034259,0.025657289293705872,0.027211654840818788,0.027646112658024025,0.02223284962504715,0.024274470968862028,0.024021224165847795,0.025794780271142365,0.024922247519869774,0.025043766208518153,0.02188164419706899,0.027564864355758553,0.023636041509491616,0.02851757960859966,0.02468254512290163
2024-05-09,0.024210987513243878,0.02914351874379157,0.02586694190992962,0.025478687700054754,0.025089893381147105,0.026067567114793633,0.022139861874560313,0.028524381399838494,0.028636329432546927,0.025205891322923786,0.027144731128812865,0.027337736018313328,0.02473131057955443,0.02341310423473403,0.017892344010851546,0.025385938763211054,0.0268769418684744,0.024919090201770352,0.02635793896629677,0.028325321897014016,0.026185614245408356,0.024300627118821094,0.02697437014721572,0.026347993555137842,0.030427421875042812,0.025605004628163883,0.027925713573257602,0.027461282477069443,0.021914875275499717,0.024801344283408105,0.02409769896294009,0.02534489521590726,0.0251358279277574,0.0245467680202594,0.02221838972784791,0.02760847314599894,0.023363044595536064,0.028620374922263908,0.024371762240601516
2024-05-10,0.024602742585177376,0.028783487720884595,0.025994667405528474,0.024978065348602477,0.02476124137613519,0.026398446153832588,0.022283816701309647,0.028715456939842374,0.028736721237658386,0.025230306848755622,0.02684411365294897,0.027083092237000693,0.024553510538207125,0.023415603271415324,0.017683534449688374,0.025434291799331078,0.026782707331219187,0.02513147381780652,0.026540608662685542,0.028292650063671418,0.026385870809077002,0.02465403178231153,0.027029082960230728,0.026433515094489126,0.030146155310320052,0.025659374553552494,0.02801102326025978,0.027679646879346688,0.021765927157633997,0.025153018562623804,0.024193102783437045,0.025231677911809556,0.02504616302148703,0.024521254483718714,0.022048576823352574,0.027212460093093273,0.02377342365073541,0.0283173265667496,0.024491830154070457
2024-05-13,0.024881168057217972,0.02866527976574083,0.025819814582464427,0.024650809681831143,0.024727516139245342,0.026044196438656915,0.02195042062038213,0.02831533429972198,0.028748164576239677,0.024928063075327807,0.027209466898972624,0.027590691627225612,0.024687566786782165,0.0232683386067258,0.01809950610083722,0.02579801147564193,0.027124557105975673,0.02485641598448731,0.026424840242087383,0.028573508531537284,0.026536921317347768,0.02434178171549339,0.026673738521615233,0.026570839452218963,0.030285600993307682,0.025631642551193844,0.027601985231100076,0.027877098374367942,0.02160088798386967,0.024851824302713516,0.023972035880296498,0.025309506734475996,0.024970306103402357,0.024881420417625633,0.021965494430359094,0.027117799842175636,0.02437653192006506,0.02885682358060828,0.024214090050662274
2024-05-14,0.024798950994487645,0.02884473214566399,0.0260721844470845,0.024347458542445962,0.024560027295154538,0.026358883771710685,0.021868272290439306,0.02832189179910282,0.02842462035127646,0.024736718724025906,0.02731159085391313,0.027687456198909763,0.02418543517699394,0.02314669311243917,0.018358984983929613,0.025855378743342206,0.027420555969467453,0.02460425091198189,0.026973880501694306,0.028612956798446342,0.026372662601686678,0.02420289165428951,0.02654468314416477,0.026237231996127704,0.030033486901017453,0.025722313813869985,0.027715363685509826,0.02825966502823998,0.021901300404096657,0.025660491744489384,0.023797910162246413,0.024852010640919835,0.02488976066503202,0.024766317178035437,0.02181004926284552,0.027100626531320164,0.02433555237539299,0.028939028400966346,0.024367730197239774
2024-05-15,0.024163013127737238,0.0291237783857328,0.026491872248047985,0.024186431552203642,0.024609468208904525,0.026927004989785938,0.021786319375155853,0.02823994965545505,0.028377325930549646,0.024271314510095565,0.027147628379546655,0.028301816308893883,0.023772180878606282,0.022726869109837393,0.018221476635288728,0.025855979391007394,0.027455576913722538,0.024261523470641252,0.027668801667161624,0.028319468508212375,0.026227595738385727,0.02443626149031141,0.026339298593873545,0.025975471383558345,0.029571924892423676,0.025793260619430703,0.02745672240388029,0.02835133471136366,0.02250176034318066,0.026619787079887998,0.02426222928863209,0.024976055963807264,0.02472912137165882,0.02479679259790466,0.02193358688366777,0.026554211171203733,0.023756455874565607,0.028868657096051024,0.024941673249626678
2024-05-16,0.02430012627673906,0.029008966276675378,0.026489639091736912,0.02415361506278522,0.024348027791026027,0.02656776957447877,0.021635326462752947,0.028530561677683815,0.028627700426374636,0.02426734617336933,0.0271411568526533,0.027738981694822133,0.02389759618304186,0.022728335219915692,0.018713038572913173,0.02522929796257455,0.027203907892467172,0.024629917767137584,0.02736708403277465,0.028313995918356618,0.026636363490542336,0.024032716396055028,0.026369120547482267,0.02640651310820004,0.02967604827768083,0.02573281024301136,0.02711084935645089,0.028210554747100644,0.022977290403411253,0.02631994492382414,0.02397944949963141,0.024913786008801963,0.025092831427394595,0.025392227209646276,0.022009787445495158,0.026285674842691287,0.02412057046136882,0.02896228868281074,0.02487878201812202
2024-05-17,0.0242868457241491,0.028859136687538315,0.026859854575256553,0.024028879566108035,0.024360929609894454,0.026378327523530913,0.02178566760915158,0.028686349747527755,0.028725211096760035,0.02432483679200464,0.027167232901456086,0.027858456573232934,0.02365600839886509,0.022640818480994786,0.01863335722078695,0.02519081759945507,0.02728430840576856,0.02455211105126404,0.027355920847260344,0.02821532499338213,0.02660563579795584,0.02422294706699108,0.026450865010119166,0.026699480784788187,0.029681321409267443,0.02573646638618487,0.0269711316494147,0.028261654640316942,0.023285128881417247,0.026494917388823064,0.024017394674260586,0.024992011190294143,0.024868502752506794,0.02498156519805222,0.02213181344356412,0.026491679344478675,0.02411891495263845,0.02902475753346515,0.02411341649107391
2024-05-20,0.024129299333369315,0.02890603646063165,0.027089040761948426,0.023915002610759593,0.024426741650874557,0.027221318929424677,0.021191982451913713,0.028443087690113916,0.02855786958273531,0.02396694980498749,0.02694822212616641,0.027841521023615173,0.023461273769771494,0.022609773767768123,0.01869808628830449,0.02452453110546744,0.02776182606844023,0.024697357699633608,0.028134574029523463,0.027864183906767048,0.026299979443711062,0.02447969692575135,0.026521793659341368,0.026508967538867265,0.029614557720441567,0.025921278452413748,0.027273348162922834,0.028567910010723813,0.023431505699885422,0.025714249770696244,0.024200963091983854,0.024932700744354434,0.02485152488837472,0.025153930553894782,0.022040808308378724,0.02619455214278332,0.02406291555118512,0.029058568459276832,0.02478206981279774
2024-05-21,0.02418023025630365,0.028995598828285757,0.027051836074947305,0.0237820160285048,0.024482757483337125,0.02726017293955511,0.02082021421971905,0.028788155182028898,0.028627420650744,0.02392788691742487,0.0270472327369034,0.027431628228846035,0.02327153484967708,0.02253853359436699,0.018527412492902573,0.024477219321645823,0.02775435524616163,0.024538376056617767,0.02791450033078931,0.027945653814654227,0.026212521764210756,0.024161349698643662,0.02667265977883754,0.02660290439433872,0.03047374059946628,0.02620195495364488,0.027720505416367364,0.028517635443853877,0.02324520827188324,0.02520315182113266,0.02405552137141833,0.02483892803713472,0.025010739322583884,0.02492082776534088,0.02197559738634367,0.02619406460151868,0.023897073646494002,0.02931958492055129,0.025413295552820077
2024-05-22,0.023889514960315952,0.028383668749121568,0.027045368716995487,0.023782161366648003,0.02395234176771124,0.02699932936515878,0.02038810164167496,0.028709367383547055,0.02816497681355962,0.023709702158038564,0.026508281190534354,0.027027202712529324,0.023839836023324432,0.022569281692533055,0.018269212535578398,0.024636438069503226,0.028717163456592212,0.024225367038109156,0.028044576036566408,0.02755099568901026,0.026019371362470442,0.023990806279872164,0.026638654323274134,0.026696911147343322,0.030209412937723047,0.0261899725064792,0.027632515462133286,0.03149062933229315,0.02327563871793505,0.02508081271977923,0.024188182832633,0.024849023743153193,0.026129543395719976,0.024917624468816447,0.021858237084091018,0.026089230263642085,0.02398444574075511,0.028985270294515197,0.025360830020319212
2024-05-23,0.024060813170926336,0.028472074361806852,0.0270598943265774,0.023668418140541988,0.024061742899761526,0.027315495272754266,0.020535660012486853,0.028872078538520016,0.027835041308562684,0.023801367190184077,0.02622711480586326,0.026499878492745578,0.02377912585383081,0.022559671313992887,0.01771111593368874,0.024511232887606753,0.028685512231664035,0.024170122551894914,0.02815576938629507,0.027779223602053378,0.025905183251118992,0.024607985489513304,0.026755462928515914,0.026765063107702432,0.030350523104613752,0.02630413546076152,0.02745197580066568,0.03114505230073285,0.022844999863503294,0.025307570675349316,0.024648624553153514,0.025130840433717966,0.02631489377456884,0.025020600447661016,0.021651470781403177,0.026118891786970643,0.023703668999938927,0.028733511109185202,0.02547819384916619
2024-05-24,0.023938730245208935,0.028369290895586163,0.02476536156166698,0.02370006118750378,0.02425108211927261,0.02764355074404984,0.020683764234134684,0.029314690589502805,0.027697900081312593,0.023793712192865316,0.02594837001144396,0.026430857606797017,0.023942874479727108,0.022602056661836203,0.01806154387436447,0.024380911658872937,0.028669905728088082,0.02460597134520891,0.028627648033120758,0.027793818684326135,0.025906287299363014,0.02514990469469474,0.026207463593763122,0.026450751325824504,0.030445771013858355,0.026460116131451685,0.02772359026892188,0.03082778438612071,0.02365484208307094,0.02529021318411127,0.024578399749416013,0.024685014079579518,0.02640551626716863,0.024929342403680162,0.02159273419364694,0.026037548264774696,0.023493793574947804,0.029167507695988144,0.025771317854728748
2024-05-28,0.02406524598694399,0.02799236617985655,0.02461036515526202,0.023085020064812386,0.023797071094301122,0.027843743671805355,0.020823114923689198,0.029594814835012858,0.027734746053597725,0.02344288780546791,0.02614949400435509,0.026682774582347257,0.023855651802850028,0.02228786526988626,0.018357955162905403,0.024435844308079,0.02899453611034213,0.024479860466222286,0.029040484072794564,0.02764631405819852,0.025976688283851804,0.026224892258854608,0.02586443339679157,0.02599228254138887,0.029858461185470378,0.026609851327519345,0.027831703858470596,0.031114666153272855,0.024530303813085085,0.024877492061933733,0.024870342522134672,0.024972061473431787,0.025953475135479395,0.02452553735688458,0.021258350202660797,0.02637789601971731,0.022992268939566383,0.029323200836373693,0.025925937024382725
2024-05-29,0.02400410407967902,0.028001881261483067,0.024863736558267444,0.02251119615211177,0.02384220090689058,0.027922853815107333,0.020853983059035786,0.029741235113071307,0.02773710651165379,0.023973866788713345,0.026063318241664808,0.026501914639979023,0.02399807645782929,0.022474711992097062,0.018043947913341376,0.024652220817985293,0.028409071248921315,0.024202101398123305,0.028909016064128497,0.027667396962000494,0.026041629221317805,0.025661875886226974,0.025940474168386112,0.02598878411971785,0.030040375550221918,0.026889941205631564,0.027784619618543116,0.030812002455049448,0.023917853183239232,0.02485509348944184,0.02481578736449959,0.02525863567855653,0.026318870871759128,0.024575059834505274,0.021341114458982444,0.02670789536402762,0.02313622524636795,0.02975816708774139,0.025781655213700166
2024-05-30,0.024622115233180142,0.028473582276955806,0.02342447183209059,0.022234529712653626,0.024049461782978516,0.02763613604058956,0.021091176406215544,0.03010268624596025,0.02798957173814046,0.02359294353169614,0.026491388215927184,0.027234267679002083,0.02407034390615747,0.02264492058572239,0.01810165112288976,0.02470333123560856,0.02867246950090974,0.024284276235931105,0.02886025886805252,0.02798384812209909,0.026581031646099942,0.025913794570368933,0.026195213213654592,0.026108947314062693,0.03034932515964258,0.026012719477087956,0.027969522193598342,0.031099251103368933,0.024180117242062232,0.024955930391821708,0.02455181428373592,0.023608938843022686,0.026202806498825046,0.02410600969844047,0.02048758729431022,0.026343406322899297,0.023375662369624704,0.02995057215416954,0.02574391995044341
2024-05-31,0.025156459831563144,0.028703655843525678,0.023795332623009084,0.021813195979349866,0.024100070992242272,0.027232802270290464,0.02119168256295703,0.02966508897135578,0.028426605214189674,0.023717057501488368,0.026868711835084075,0.027616883292298448,0.024290296054139168,0.022853845359960868,0.018351153219451685,0.024709974174108366,0.028711569955657514,0.02432484807649608,0.028238019171774757,0.028362899519664163,0.026538909083966215,0.02555539483072657,0.02632753076953793,0.026333701024854467,0.03059965708427776,0.025835708498160116,0.027909008792403083,0.03145571325008164,0.024010544668317722,0.024618942454511312,0.02419379001057255,0.02336399217466905,0.026322517062872537,0.02442121951385941,0.020495404516772196,0.025715404789187424,0.023259631942342887,0.029862923389430075,0.02504985369485014
2024-06-03,0.02495655094520972,0.028947141758042763,0.02349276023337025,0.02185228907755822,0.023993537994935487,0.02721302912703743,0.02054405466351485,0.029966073461345954,0.028467609862466676,0.023782342744278474,0.02670697405053531,0.028307586202362147,0.02395963804461377,0.022349629246524484,0.018078080110444705,0.024872293107496623,0.028330238743296255,0.024111352506531285,0.0281314340784128,0.028468998451525857,0.026662905119469383,0.02577752261605574,0.026282013805085956,0.026324365548075664,0.031083332044155726,0.025821271005104195,0.027907767073821057,0.03125366619078731,0.023607014351085864,0.024476315458570416,0.024260848200978992,0.023139313829433576,0.026432097204852963,0.024365549394702878,0.021504166595870587,0.026078939000146486,0.023032129303641177,0.030239854391260094,0.025219314457398972
2024-06-04,0.024849935256704675,0.028833359754543503,0.02360392882691813,0.021928921506022787,0.02405747482349854,0.026858617810519323,0.020806271252259603,0.030292487017317522,0.028454775843293704,0.023829693903790992,0.026720760596533135,0.02873227954542983,0.023574392853422055,0.02227578789480226,0.017855358292393087,0.02518755039742224,0.027745308144714705,0.02424451375892677,0.027892006401993283,0.028411709037461826,0.027188238164052622,0.02529017528313028,0.026490772641061627,0.026402485929669397,0.0313699773307315,0.02588258824727765,0.02808123593527243,0.031047034654134636,0.023006129383501456,0.024316233323690237,0.024252192406073417,0.02354306065084862,0.0270274761027902,0.024115048236731995,0.02154303424241452,0.0261263370641757,0.023209401304234014,0.030175575447394336,0.02477787073484751
2024-06-05,0.02428097866084194,0.02847644474717137,0.02340104389304132,0.021502510469087223,0.02421175483145341,0.02791891784241618,0.021004727725185364,0.030166386684750298,0.027657006481586744,0.02344827494876457,0.02598651994014938,0.028689591035543593,0.023480747926391026,0.022289964959974384,0.018074164886900633,0.024140562448502642,0.02748842007132624,0.024178374584607972,0.02880870836070837,0.028043906801807458,0.0271151368233387,0.02735439014819672,0.026291188965517607,0.02608648841154134,0.031096803182701343,0.02604916382885341,0.027949258580532956,0.03133310573340621,0.023598246137604646,0.02424821023002009,0.02472614002711276,0.023636168802401786,0.026977544255673804,0.023877718017366725,0.021705198355314967,0.026081204231023548,0.02282132612809298,0.030034148690353483,0.025769552150736997
2024-06-06,0.024280502873826142,0.02837006251752387,0.02337638046330724,0.02126190453651837,0.024016603703322786,0.027765548995160084,0.02034015115515072,0.030521932059193773,0.027628145778850994,0.023693103237459233,0.025841516983945195,0.02816615534638123,0.023479653199625566,0.021925279172959486,0.01789442443763857,0.024293694373966782,0.027262635008149644,0.024144217518059292,0.028649827541691777,0.028424651487295217,0.02705674978341766,0.02769943289241951,0.026195691494562027,0.026365567481797168,0.03134970972323277,0.026126711123120556,0.02784545508775031,0.031619035832298456,0.02372684407770264,0.024389158592776468,0.024713132062375392,0.023799092333146452,0.02691564928066728,0.024208443010316476,0.021702441271142372,0.026663574844469975,0.022851029523815403,0.029873853644381432,0.025562037550581576
2024-06-07,0.02426640076764285,0.028371319158849988,0.023479907323819844,0.021077234826910183,0.02420097257359336,0.02782526090242974,0.02022849475990525,0.03069706148705564,0.02756518898423102,0.023854856286795165,0.02565121236541211,0.027431033344461953,0.023361074717148173,0.021933217460562524,0.01812318564969483,0.024142732961943948,0.02717446771367454,0.024101334605421496,0.028334866871947143,0.028385380315024786,0.027160313020379127,0.027123520090184778,0.0262551649866033,0.026888204899858114,0.031105103004246407,0.02614393331012404,0.027994341536158207,0.03133750139937778,0.023935430821235545,0.0244276110321269,0.0246579621427106,0.024232498064057393,0.026862094074277008,0.02412731114211452,0.02176921258567831,0.026622211802664608,0.023207122899263084,0.03031182701534226,0.02563343309707368
2024-06-10,0.024086867232017656,0.028257015756365557,0.02313668445376623,0.021073644702455843,0.024050905839847557,0.028544892901426863,0.02047675997742185,0.030703378624125248,0.027558968462370055,0.0230193419084442,0.025601300886772663,0.027414137258489894,0.0234178686856203,0.02169181105110425,0.018167861177703023,0.024074389536539436,0.027514710787329897,0.024200459760558277,0.02918194285031185,0.028253228460314552,0.027331720750659698,0.02739028129733095,0.02625187235358699,0.02622723886453221,0.031083916574637254,0.026311444903028513,0.027730636169940502,0.03132182042316507,0.02279209042661344,0.02487936176563024,0.02472974985631421,0.023873666138948365,0.026660813330397444,0.0245316292362299,0.021918827440653214,0.026938527363272742,0.023333057918746458,0.029640793732057313,0.02662638114127027
2024-06-11,0.023782481575652995,0.02786954584411493,0.023102480759731706,0.0211397042047811,0.02389469586640619,0.028756182045683223,0.02079965600984118,0.03072229042594651,0.027500900339249654,0.02307939354224911,0.025587812706872277,0.02737059438088392,0.02322073164729764,0.0216427549307538,0.018164163912463057,0.024019722470787867,0.027275663455031986,0.024175239586991432,0.02930535520384678,0.02796473783628002,0.027153992502747724,0.02722605616075462,0.026344654912076968,0.02618262780808333,0.030687958886719532,0.0265932129635724,0.027715879830431178,0.03142901273685772,0.022584020715075096,0.024765469928820373,0.02510477120537528,0.02400375459088327,0.026740669357152705,0.024416619305549878,0.02123459940993086,0.026948803475490567,0.02319209848616137,0.03177742068502731,0.026524270294424276
2024-06-12,0.023245780425377355,0.02762832093807503,0.02390367062538847,0.021184029451233596,0.0239288881008621,0.02942212112904586,0.02069780548539102,0.030364211576784567,0.027089866432027078,0.02222990562694748,0.024312833093020816,0.027686472627697696,0.023054026047993233,0.021855084693286272,0.017891155054418843,0.02370382733972587,0.027291299984004546,0.024339061638079196,0.030092884641947395,0.028097804083731873,0.026759211319168925,0.02781107234080121,0.026293641811140193,0.02587593532663559,0.0307060743821755,0.026839707895896212,0.02807658471500615,0.03139946525042898,0.02254034022678726,0.024911517806493366,0.02575419903429763,0.023621107983871896,0.02627044404744499,0.023932875563647645,0.02216938439065355,0.026633376925101662,0.022767715209200148,0.03236176002034106,0.027256536755869754
2024-06-13,0.023214664344050923,0.027536881984689454,0.024127864292943037,0.02062712632869199,0.023689725058989135,0.029565759387925505,0.020583805646941514,0.030458684726689274,0.027215001405401562,0.021876361978090925,0.024906031295587338,0.028220745008961205,0.023013612311960537,0.02188931128968962,0.017810650863702652,0.023777341232984073,0.02693972299807074,0.024872604567664894,0.030333657888214637,0.028148520909024182,0.02691794187073808,0.027536167920569468,0.026413280327859272,0.02581662584653107,0.030660786746848263,0.02701390386206742,0.028077937885120287,0.030982218632219793,0.02261183654946512,0.024646309397592266,0.02554528182943172,0.02368806790103866,0.02645654146238426,0.023446549464127994,0.02229498761188047,0.026336278223459946,0.022611018499911543,0.03271208528359635,0.027424107164884838
2024-06-14,0.023092562871676055,0.02750552765565474,0.024134462482942782,0.020247539538853776,0.023720109818177234,0.0294556073324098,0.02053189992513771,0.030760846645361273,0.02720400336437851,0.02153332372919683,0.024958971659684324,0.027918213465686438,0.022730941846104028,0.02143405912260395,0.017777383861119746,0.023824170804785987,0.026475097405681998,0.02472896074128412,0.03009756563260286,0.027965438807917492,0.02686360529794594,0.026845795694673647,0.026514764436719924,0.025750333636839994,0.030636664347464135,0.02703277241037859,0.028056216892819223,0.030559109060074204,0.02253889130263257,0.02450527580927603,0.025884126807395557,0.027083785091238318,0.02643718398710809,0.023283624154065805,0.02253704016458521,0.026271402368953926,0.023392378810550205,0.03239491377835263,0.027315429237665872
2024-06-17,0.02275983109605159,0.027628184789216644,0.024142875186404452,0.019827598756585765,0.023962408964585714,0.029848887349286223,0.020445288414234725,0.030858453855444588,0.02682901720432422,0.02178475791508223,0.024428068202001628,0.026988536082453256,0.022781886351332922,0.02165609379052069,0.017888315978879226,0.0235678707605643,0.026089955430247228,0.02499381115788873,0.030634828205028556,0.027815407086477558,0.027004532710491223,0.027185832150302864,0.026666690194205377,0.025713365698418148,0.03019384454872589,0.02708648523695483,0.028423992092325615,0.030380615653105614,0.022119774936682025,0.024252211803147034,0.026418672962159807,0.02645153743924869,0.026445092517364824,0.023479629460399717,0.02373443819501196,0.02603967652014039,0.02285473132846313,0.03266965936588992,0.02794714061035283
2024-06-18,0.02247066454310554,0.027826691852499225,0.02438738502034627,0.01966610676853892,0.02414529385581304,0.030406875618952202,0.020337054000273462,0.03090570945572145,0.026721421261056092,0.02143268216186341,0.024191538530342987,0.02660740327784547,0.023035265402395984,0.021799761606882764,0.017655531883794224,0.023671155484574376,0.026740010668296427,0.02478220268961328,0.031101524955267114,0.027286148358066715,0.027074688602060196,0.027368410172019155,0.0267547549024363,0.025611115138871075,0.029803211673138357,0.02691706363179983,0.02851901843967692,0.030718107611203426,0.02155584474283839,0.02417508643072405,0.02673475393778993,0.026584310143557596,0.026514376811374477,0.02354263152686613,0.024048884892617944,0.025817957424878905,0.022417487676820117,0.032254736047617305,0.02841713279846093
2024-06-20,0.023063065038120313,0.028198337019813138,0.024658234947185487,0.019769946866412272,0.023785509514513692,0.02946270763290775,0.020507827641549094,0.03062920432142151,0.026838302352894913,0.02156075167989975,0.024240803456378912,0.026853183005853067,0.02324453534181328,0.021869989298568503,0.017660401984672273,0.024071844992331216,0.025487747152028613,0.02489201740218177,0.029904738575971083,0.027373475386175464,0.027252628632013824,0.027110375028958945,0.026601441480924783,0.025799549757807662,0.029874407029570758,0.026894662323887313,0.028528301118568546,0.029970093760146886,0.02256616253102202,0.02382267659600645,0.026097862397936048,0.026635981423228008,0.026476573055010607,0.024390844280003373,0.024003245816315272,0.026298434378678313,0.02432777221044251,0.03157985888577026,0.027696505683016195
2024-06-21,0.023372057602587225,0.02795136008178428,0.025220620248117494,0.019941443196537338,0.023810510525968588,0.02880813625720608,0.020470421787597753,0.03003116328697911,0.0264999169689016,0.021672903887208713,0.024052733095919446,0.026579936701547704,0.023239857285913688,0.0218737907654446,0.017874210374864117,0.0242877119088546,0.026136970284616683,0.024766753544120366,0.029340670197317585,0.027840176750843826,0.027286106140272274,0.026660126709114156,0.026591545953037546,0.025916777128525848,0.029900294489491153,0.027054178221053993,0.028559039113360135,0.030074831739403198,0.022417618774518238,0.02373558009371757,0.026003078020795937,0.02708350445212257,0.026623673072045474,0.024384307337380454,0.023808676517625176,0.026634212456417835,0.025021941854863783,0.031150218157098772,0.027322945016824963
2024-06-24,0.02344404821700222,0.02894638039718353,0.024967343829774016,0.020116488742675086,0.024174473751947954,0.028213146635303287,0.020672016153309797,0.030118338748131142,0.02691438384029357,0.0219168020251846,0.024508354288533173,0.0269712756424218,0.023171893012391608,0.02184042644381014,0.017629388147487393,0.024357371193509315,0.025530406563113287,0.02506032616615333,0.028617551127820724,0.028340006774524567,0.02747195262260113,0.025849891131850423,0.026767194888812167,0.026125556366842547,0.030178705154179832,0.027010203493349347,0.028590274234745187,0.029829300125454337,0.022349989403941468,0.023605053677434127,0.02532539341655927,0.026694826334622754,0.0271224154274792,0.02458110451977714,0.0235725344038473,0.026220302135962856,0.025120323921732184,0.03134405133930236,0.026730505700935887
2024-06-25,0.02333104021909612,0.028972114486049257,0.025161761419615642,0.019937126811710275,0.024270542526702438,0.02867793830109308,0.02047238515470641,0.030295885620470912,0.026459798238831732,0.02214365955824949,0.024088214762708518,0.026492421097736963,0.022760328113956296,0.0215761547372808,0.0176787274172267,0.024341836360215408,0.02545170880311739,0.024907046962214355,0.029403753953365797,0.028020344474472852,0.027213749855499098,0.02632764104166144,0.026841211677387063,0.025970148730584647,0.030239892911221877,0.02713336088276437,0.02874935736763718,0.0299921492939515,0.022288593159689077,0.02352057252831773,0.025451079558746908,0.02675912987805252,0.02693299910928443,0.024592102725036195,0.023838030818573722,0.02625677306229657,0.024654633236861373,0.03139761316499022,0.02739817197862358
2024-06-26,0.023297841258062304,0.028476348923273935,0.025524973454727613,0.019718315450321263,0.024068185022427625,0.028514087044668866,0.020679321627923564,0.0304425070872573,0.026629074567220155,0.022358076283870657,0.024153341002050476,0.026730556298301504,0.023044411404023496,0.021304227497215833,0.017621314009259485,0.024153645478940226,0.025792974962141352,0.024649882084328167,0.029329261880766167,0.027821123768296405,0.02717314607655251,0.026240023794691498,0.026648629816516767,0.024966543318614705,0.03008419111366362,0.027295399882619347,0.028613730370195132,0.029763933109251163,0.021983537626230867,0.02347902801552039,0.02535423411429394,0.026937596720431604,0.027009808556369887,0.024457905756546574,0.023990176238622762,0.027370653424615355,0.02462889530364979,0.03213039585244658,0.027562701804091313
2024-06-27,0.02325730391295174,0.02846118040034328,0.02599774003612068,0.020033537286895584,0.024045732984715507,0.02846392596021661,0.02041545837773161,0.03012164687282981,0.026888216452763437,0.02233276936204735,0.024004346299926007,0.02714786123571046,0.022982174036464884,0.021207035613770905,0.017591836272544677,0.02437693278542903,0.02553073924088475,0.024643702295020626,0.029288769765877354,0.027431581907764634,0.027203899732507027,0.026446846725667838,0.02671674268098209,0.024808764954875252,0.02964352080550087,0.027246713985753044,0.02871267188669813,0.02951453814865723,0.022179317296916495,0.023657670825179895,0.025155258957940286,0.027767806217112816,0.02671946564163025,0.024173641599057098,0.023950211728327373,0.02787763162122865,0.02437750437651827,0.0321518630577272,0.027473438657711277
2024-06-28,0.02377673885117258,0.02833054496079866,0.02621123617564077,0.01998837281982251,0.0237670566940452,0.028868989029065067,0.02066332625173357,0.030080088187021303,0.026700604127974793,0.02204485697551172,0.02392677544736762,0.027498217677921363,0.02325952402624174,0.021029493841869612,0.017798978092032236,0.02439214759506668,0.0261049832576512,0.02457914344958266,0.029616306362439174,0.027090601940202897,0.027079977739483983,0.026294185357327884,0.026272696069743168,0.024938124944101032,0.02955256656130747,0.02687452940700224,0.028351500449845978,0.0297012526699456,0.022545972335908552,0.02331898527059273,0.02512529223251386,0.028195664564670608,0.02666601406054168,0.024254486349537932,0.024305194173128434,0.02721206431289426,0.02428404665611242,0.031609035942501966,0.027690425139678867
